Advent of Code 2025,87,35,https://adventofcode.com/2025/about,2025-11-30 14:35:08.270040
CachyOS: Fast and Customizable Linux Distribution,126,117,https://cachyos.org/,2025-11-30 14:35:10.036095
Show HN: Boing,504,92,https://boing.greg.technology/,2025-11-30 14:35:10.519820
"Norway wealth fund to vote for human rights report at Microsoft, against Nadella",49,23,https://www.cnbc.com/2025/11/30/norway-wealth-fund-to-vote-for-human-rights-report-at-microsoft-agm-against-management.html,2025-11-30 14:35:11.001449
Show HN: Real-time system that tracks how news spreads across 200k websites,90,25,https://yandori.io/news-flow/,2025-11-30 14:35:11.443518
Zigbook Is Plagiarizing the Zigtools Playground,357,94,https://zigtools.org/blog/zigbook-plagiarizing-playground/,2025-11-30 14:35:11.873070
RL is more information inefficient than you thought,56,16,https://www.dwarkesh.com/p/bits-per-sample,2025-11-30 14:35:12.400968
All it takes is for one to work out,620,282,https://alearningaday.blog/2025/11/28/all-it-takes-is-for-one-to-work-out-2/,2025-11-30 14:35:12.932483
Windows drive letters are not limited to A-Z,5,0,https://www.ryanliptak.com/blog/windows-drive-letters-are-not-limited-to-a-z/,2025-11-30 14:35:13.409445
Paul Hegarty's updated CS193p SwiftUI course released by Stanford,15,1,https://cs193p.stanford.edu/,2025-11-30 14:35:13.846703
The space of minds,29,12,https://karpathy.bearblog.dev/the-space-of-minds/,2025-11-30 14:35:14.284444
What's Hiding Inside Haribo's Power Bank and Headphones?,76,25,https://www.lumafield.com/first-article/posts/whats-hiding-inside-haribos-power-bank-and-headphones,2025-11-30 14:35:14.741988
Landlock-Ing Linux,233,90,https://blog.prizrak.me/post/landlock/,2025-11-30 14:35:15.213422
Meshtastic,218,41,https://meshtastic.org/,2025-11-30 14:35:15.672189
The HTTP Query Method,218,97,https://www.ietf.org/archive/id/draft-ietf-httpbis-safe-method-w-body-14.html,2025-11-30 14:35:16.134904
Datacenters in space aren't going to work,372,302,https://taranis.ie/datacenters-in-space-are-a-terrible-horrible-no-good-idea/,2025-11-30 14:35:16.576977
Learning Feynman's Trick for Integrals,226,30,https://zackyzz.github.io/feynman.html,2025-11-30 14:35:17.038437
Jiga (YC W21) Is Hiring Product Designer,1,0,https://www.ycombinator.com/companies/jiga/jobs/Cco7vyK-product-designer-remote-europe,2025-11-30 14:35:17.512452
Americans no longer see four-year college degrees as worth the cost,355,535,https://www.nbcnews.com/politics/politics-news/poll-dramatic-shift-americans-no-longer-see-four-year-college-degrees-rcna243672,2025-11-30 14:35:17.949099
A new Little Prince museum has opened its doors in Switzerland,81,49,https://www.lepetitprince.com/en/events-around-the-world/a-new-little-prince-museum-has-opened-its-doors-in-switzerland/,2025-11-30 14:35:18.491235
Blender facial animation tool. What else should it do?,105,13,https://github.com/shun126/livelinkface_arkit_receiver/wiki,2025-11-30 14:35:18.950797
Leak confirms OpenAI is preparing ads on ChatGPT for public roll out,742,662,https://www.bleepingcomputer.com/news/artificial-intelligence/leak-confirms-openai-is-preparing-ads-on-chatgpt-for-public-roll-out/,2025-11-30 14:35:19.373098
Advice for crime analyst to break into data science,15,0,https://andrewpwheeler.com/2025/11/21/advice-for-crime-analyst-to-break-into-data-science/,2025-11-30 14:35:19.797919
Our Phosphorescent World,31,1,https://aeon.co/essays/the-cycling-of-phosphorus-is-the-basis-for-all-life-on-earth,2025-11-30 14:35:20.273027
Anthony Bourdain's Lost Li.st's,297,89,https://bourdain.greg.technology/,2025-11-30 14:35:20.692602
Don't throw away your old PC–it makes a better NAS than anything you can buy,4,0,https://www.howtogeek.com/turned-old-windows-pc-into-inexpensive-nas/,2025-11-30 14:35:21.214675
Advent of Code 2025,131,51,https://adventofcode.com/2025/about,2025-11-30 15:02:34.549415
Migrating Dillo from GitHub,31,12,https://dillo-browser.org/news/migration-from-github/,2025-11-30 15:02:34.664916
Windows drive letters are not limited to A-Z,44,5,https://www.ryanliptak.com/blog/windows-drive-letters-are-not-limited-to-a-z/,2025-11-30 15:02:34.786391
CachyOS: Fast and Customizable Linux Distribution,136,132,https://cachyos.org/,2025-11-30 15:02:34.901453
Show HN: Boing,520,93,https://boing.greg.technology/,2025-11-30 15:02:35.018448
Show HN: Real-time system that tracks how news spreads across 200k websites,101,27,https://yandori.io/news-flow/,2025-11-30 15:02:35.129993
"Norway wealth fund to vote for human rights report at Microsoft, against Nadella",87,43,https://www.cnbc.com/2025/11/30/norway-wealth-fund-to-vote-for-human-rights-report-at-microsoft-agm-against-management.html,2025-11-30 15:02:35.245545
RL is more information inefficient than you thought,66,19,https://www.dwarkesh.com/p/bits-per-sample,2025-11-30 15:02:35.358880
Zigbook Is Plagiarizing the Zigtools Playground,368,99,https://zigtools.org/blog/zigbook-plagiarizing-playground/,2025-11-30 15:02:35.527336
Don't throw away your old PC–it makes a better NAS than anything you can buy,21,12,https://www.howtogeek.com/turned-old-windows-pc-into-inexpensive-nas/,2025-11-30 15:02:35.642516
Paul Hegarty's updated CS193p SwiftUI course released by Stanford,27,2,https://cs193p.stanford.edu/,2025-11-30 15:02:35.756844
All it takes is for one to work out,630,287,https://alearningaday.blog/2025/11/28/all-it-takes-is-for-one-to-work-out-2/,2025-11-30 15:02:35.870358
What's Hiding Inside Haribo's Power Bank and Headphones?,87,28,https://www.lumafield.com/first-article/posts/whats-hiding-inside-haribos-power-bank-and-headphones,2025-11-30 15:02:35.985853
The Easiest Way to Build a Type Checker,7,0,https://jimmyhmiller.com/easiest-way-to-build-type-checker,2025-11-30 15:02:36.101188
The space of minds,29,13,https://karpathy.bearblog.dev/the-space-of-minds/,2025-11-30 15:02:36.215714
Meshtastic,221,41,https://meshtastic.org/,2025-11-30 15:02:36.332273
Landlock-Ing Linux,235,95,https://blog.prizrak.me/post/landlock/,2025-11-30 15:02:36.446723
The HTTP Query Method,222,97,https://www.ietf.org/archive/id/draft-ietf-httpbis-safe-method-w-body-14.html,2025-11-30 15:02:36.563345
Geothermal Breakthrough in South Texas Signals New Era for Ercot,5,0,https://www.powermag.com/geothermal-breakthrough-in-south-texas-signals-new-era-for-ercot/,2025-11-30 15:02:36.676798
Jiga (YC W21) Is Hiring Product Designer,1,0,https://www.ycombinator.com/companies/jiga/jobs/Cco7vyK-product-designer-remote-europe,2025-11-30 15:02:36.791538
Datacenters in space aren't going to work,376,310,https://taranis.ie/datacenters-in-space-are-a-terrible-horrible-no-good-idea/,2025-11-30 15:02:36.906663
Learning Feynman's Trick for Integrals,228,30,https://zackyzz.github.io/feynman.html,2025-11-30 15:02:37.020963
Americans no longer see four-year college degrees as worth the cost,362,551,https://www.nbcnews.com/politics/politics-news/poll-dramatic-shift-americans-no-longer-see-four-year-college-degrees-rcna243672,2025-11-30 15:02:37.137318
A new Little Prince museum has opened its doors in Switzerland,82,50,https://www.lepetitprince.com/en/events-around-the-world/a-new-little-prince-museum-has-opened-its-doors-in-switzerland/,2025-11-30 15:02:37.250599
Blender facial animation tool. What else should it do?,105,13,https://github.com/shun126/livelinkface_arkit_receiver/wiki,2025-11-30 15:02:37.361385
Leak confirms OpenAI is preparing ads on ChatGPT for public roll out,747,667,https://www.bleepingcomputer.com/news/artificial-intelligence/leak-confirms-openai-is-preparing-ads-on-chatgpt-for-public-roll-out/,2025-11-30 15:02:37.476940
Advent of Code 2025,429,164,https://adventofcode.com/2025/about,2025-11-30 18:36:50.814597
Windows drive letters are not limited to A-Z,214,75,https://www.ryanliptak.com/blog/windows-drive-letters-are-not-limited-to-a-z/,2025-11-30 18:36:50.932834
LLVM-MOS – Clang LLVM fork targeting the 6502,33,2,https://llvm-mos.org/wiki/Welcome,2025-11-30 18:36:50.987668
The Thinking Game Film – Google DeepMind Documentary,86,48,https://thinkinggamefilm.com,2025-11-30 18:36:51.106288
"ETH-Zurich: Digital Design and Computer Architecture; 227-0003-10L, Spring, 2025",19,0,https://safari.ethz.ch/ddca/spring2025/doku.php?id=start,2025-11-30 18:36:51.174386
Migrating Dillo from GitHub,160,100,https://dillo-browser.org/news/migration-from-github/,2025-11-30 18:36:51.228749
CachyOS: Fast and Customizable Linux Distribution,204,190,https://cachyos.org/,2025-11-30 18:36:51.283620
There is No Quintic Formula [video],4,1,https://www.youtube.com/watch?v=9HIy5dJE-zQ,2025-11-30 18:36:51.340713
RetailReady (YC W24) Is Hiring Associate Product Manager,1,0,https://www.ycombinator.com/companies/retailready/jobs/KPKDu3D-associate-product-manager,2025-11-30 18:36:51.396402
ESA Sentinel-1D delivers first high-resolution images,7,0,https://www.esa.int/Applications/Observing_the_Earth/Copernicus/Sentinel-1/Sentinel-1D_delivers_first_images_from_Antarctica_to_Bremen,2025-11-30 18:36:51.448350
Show HN: Fixing Google Nano Banana Pixel Art with Rust,47,9,https://github.com/Hugo-Dz/spritefusion-pixel-snapper,2025-11-30 18:36:51.505239
Show HN: Boing,623,117,https://boing.greg.technology/,2025-11-30 18:36:51.558104
Show HN: Real-time system that tracks how news spreads across 200k websites,174,41,https://yandori.io/news-flow/,2025-11-30 18:36:51.611879
Don't push AI down our throats,18,2,https://gpt3experiments.substack.com/p/dont-push-ai-down-our-throats,2025-11-30 18:36:51.668081
Paul Hegarty's updated CS193p SwiftUI course released by Stanford,94,18,https://cs193p.stanford.edu/,2025-11-30 18:36:51.720025
"Norway wealth fund to vote for human rights report at Microsoft, against Nadella",232,107,https://www.cnbc.com/2025/11/30/norway-wealth-fund-to-vote-for-human-rights-report-at-microsoft-agm-against-management.html,2025-11-30 18:36:51.776299
Zigbook Is Plagiarizing the Zigtools Playground,414,115,https://zigtools.org/blog/zigbook-plagiarizing-playground/,2025-11-30 18:36:51.829091
The Easiest Way to Build a Type Checker,48,7,https://jimmyhmiller.com/easiest-way-to-build-type-checker,2025-11-30 18:36:51.881845
All it takes is for one to work out,697,319,https://alearningaday.blog/2025/11/28/all-it-takes-is-for-one-to-work-out-2/,2025-11-30 18:36:51.938688
Langjam Gamejam: Build a programming language then make a game with it,10,5,https://langjamgamejam.com/,2025-11-30 18:36:51.996769
What's Hiding Inside Haribo's Power Bank and Headphones?,152,52,https://www.lumafield.com/first-article/posts/whats-hiding-inside-haribos-power-bank-and-headphones,2025-11-30 18:36:52.048055
RL is more information inefficient than you thought,97,29,https://www.dwarkesh.com/p/bits-per-sample,2025-11-30 18:36:52.102758
I Made a Quieter Air Purifier,23,9,https://chillphysicsenjoyer.substack.com/p/i-made-a-quieter-air-purifier,2025-11-30 18:36:52.262442
The space of minds,59,23,https://karpathy.bearblog.dev/the-space-of-minds/,2025-11-30 18:36:52.382013
Meshtastic,261,68,https://meshtastic.org/,2025-11-30 18:36:52.499374
Landlock-Ing Linux,257,104,https://blog.prizrak.me/post/landlock/,2025-11-30 18:36:52.552763
"In Re: 23andMe, Inc. Customer Data Security Breach Litigation",41,15,https://www.23andmedatasettlement.com/,2025-12-01 02:32:54.226220
A Love Letter to FreeBSD,184,106,https://www.tara.sh/posts/2025/2025-11-25_freebsd_letter/,2025-12-01 02:32:54.349771
Algorithms for Optimization [pdf],83,5,https://algorithmsbook.com/optimization/files/optimization.pdf,2025-12-01 02:32:54.464726
Grokipedia Is the Antithesis of Wikipedia,58,35,https://www.404media.co/grokipedia-is-the-antithesis-of-everything-that-makes-wikipedia-good-useful-and-human/,2025-12-01 02:32:54.570926
Writing a good Claude.md,330,105,https://www.humanlayer.dev/blog/writing-a-good-claude-md,2025-12-01 02:32:54.679496
Advent of Code 2025,739,255,https://adventofcode.com/2025/about,2025-12-01 02:32:54.792208
Advent of Sysadmin 2025,34,8,https://sadservers.com/advent,2025-12-01 02:32:54.903564
Bricklink suspends Marketplace operations in 35 countries,69,25,https://jaysbrickblog.com/news/bricklink-suspends-marketplace-operations-in-35-countries/,2025-12-01 02:32:55.009253
Windows drive letters are not limited to A-Z,376,187,https://www.ryanliptak.com/blog/windows-drive-letters-are-not-limited-to-a-z/,2025-12-01 02:32:55.132886
Migrating Dillo from GitHub,276,164,https://dillo-browser.org/news/migration-from-github/,2025-12-01 02:32:55.251992
LLVM-MOS – Clang LLVM fork targeting the 6502,110,40,https://llvm-mos.org/wiki/Welcome,2025-12-01 02:32:55.370480
ESA Sentinel-1D delivers first high-resolution images,83,26,https://www.esa.int/Applications/Observing_the_Earth/Copernicus/Sentinel-1/Sentinel-1D_delivers_first_images_from_Antarctica_to_Bremen,2025-12-01 02:32:55.478496
GitHub to Codeberg: my experience,152,66,https://eldred.fr/blog/forge-migration/,2025-12-01 02:32:55.615631
Program-of-Thought Prompting Outperforms Chain-of-Thought by 15% (2022),74,21,https://arxiv.org/abs/2211.12588,2025-12-01 02:32:55.721424
Mike Gordon and Hardware Verification,5,0,https://lawrencecpaulson.github.io/2023/01/04/Hardware_Verification.html,2025-12-01 02:32:55.842412
CachyOS: Fast and Customizable Linux Distribution,262,235,https://cachyos.org/,2025-12-01 02:32:55.949589
"ETH-Zurich: Digital Design and Computer Architecture; 227-0003-10L, Spring, 2025",115,17,https://safari.ethz.ch/ddca/spring2025/doku.php?id=start,2025-12-01 02:32:56.054810
The Thinking Game Film – Google DeepMind documentary,149,108,https://thinkinggamefilm.com,2025-12-01 02:32:56.172793
"""Boobs check"" – Technique to verify if sites behind CDN are hosted in Iran",219,72,https://twitter.com/hkashfi/status/1995109785679573167,2025-12-01 02:32:56.288309
Show HN: Fixing Google Nano Banana Pixel Art with Rust,134,21,https://github.com/Hugo-Dz/spritefusion-pixel-snapper,2025-12-01 02:32:56.404668
Show HN: Real-time system that tracks how news spreads across 200k websites,224,56,https://yandori.io/news-flow/,2025-12-01 02:32:56.509352
Langjam Gamejam: Build a programming language then make a game with it,59,39,https://langjamgamejam.com/,2025-12-01 02:32:56.623510
There is No Quintic Formula [video],61,23,https://www.youtube.com/watch?v=9HIy5dJE-zQ,2025-12-01 02:32:56.726461
Paul Hegarty's updated CS193p SwiftUI course released by Stanford,152,35,https://cs193p.stanford.edu/,2025-12-01 02:32:56.831776
RetailReady (YC W24) Is Hiring Associate Product Manager,1,0,https://www.ycombinator.com/companies/retailready/jobs/KPKDu3D-associate-product-manager,2025-12-01 02:32:56.948745
Stereo Images of Giant Galaxies,6,3,https://www.bbc.com/future/article/20251121-sir-brian-mays-stereo-vision-of-galaxies,2025-12-01 02:32:57.054638
Search tool that only returns content created before ChatGPT's public release,130,44,https://tegabrain.com/Slop-Evader,2025-12-01 06:45:38.884641
It’s been a very hard year,35,15,https://bell.bz/its-been-a-very-hard-year/,2025-12-01 06:45:38.999283
Advent of Code 2025,835,278,https://adventofcode.com/2025/about,2025-12-01 06:45:39.113164
A Love Letter to FreeBSD,256,153,https://www.tara.sh/posts/2025/2025-11-25_freebsd_letter/,2025-12-01 06:45:39.227009
Advent of Sysadmin 2025,139,37,https://sadservers.com/advent,2025-12-01 06:45:39.340539
Google Antigravity just deleted the contents of whole drive,42,33,https://old.reddit.com/r/google_antigravity/comments/1p82or6/google_antigravity_just_deleted_the_contents_of/,2025-12-01 06:45:39.455859
Writing a good Claude.md,438,143,https://www.humanlayer.dev/blog/writing-a-good-claude-md,2025-12-01 06:45:39.569392
Algorithms for Optimization [pdf],200,17,https://algorithmsbook.com/optimization/files/optimization.pdf,2025-12-01 06:45:39.684996
X210Ai is a new motherboard to upgrade ThinkPad X201/200,46,6,https://www.tpart.net/about-x210ai/,2025-12-01 06:45:39.798568
SmartTube Compromised,13,0,https://www.aftvnews.com/smarttubes-official-apk-was-compromised-with-malware-what-you-should-do-if-you-use-it/,2025-12-01 06:45:39.919160
Windows drive letters are not limited to A-Z,411,210,https://www.ryanliptak.com/blog/windows-drive-letters-are-not-limited-to-a-z/,2025-12-01 06:45:40.034825
Show HN: CurioQuest – A simple web trivia/fun facts game,3,0,https://curioquest.fun/,2025-12-01 06:45:40.151520
"NVMe driver for Windows 2000, targeting both x86 and Alpha AXP platforms",32,0,https://github.com/techomancer/nvme2k,2025-12-01 06:45:40.267603
Migrating Dillo from GitHub,322,175,https://dillo-browser.org/news/migration-from-github/,2025-12-01 06:45:40.380032
Replacing My Window Manager with Google Chrome,26,8,https://foxmoss.com/blog/dote/,2025-12-01 06:45:40.493071
GitHub to Codeberg: my experience,217,77,https://eldred.fr/blog/forge-migration/,2025-12-01 06:45:40.654540
Bricklink suspends Marketplace operations in 35 countries,98,44,https://jaysbrickblog.com/news/bricklink-suspends-marketplace-operations-in-35-countries/,2025-12-01 06:45:40.771122
LLVM-MOS – Clang LLVM fork targeting the 6502,124,50,https://llvm-mos.org/wiki/Welcome,2025-12-01 06:45:40.886021
How to run phones while being struck by suicide drones,77,18,https://nasa.cx/hn/posts/how-to-run-hundreds-of-phones-while-being-struck-by-suicide-drones/,2025-12-01 06:45:41.001367
Is America's jobs market nearing a cliff?,138,244,https://www.economist.com/finance-and-economics/2025/11/30/is-americas-jobs-market-nearing-a-cliff,2025-12-01 06:45:41.117279
Program-of-Thought Prompting Outperforms Chain-of-Thought by 15% (2022),99,26,https://arxiv.org/abs/2211.12588,2025-12-01 06:45:41.231217
ESA Sentinel-1D delivers first high-resolution images,94,29,https://www.esa.int/Applications/Observing_the_Earth/Copernicus/Sentinel-1/Sentinel-1D_delivers_first_images_from_Antarctica_to_Bremen,2025-12-01 06:45:41.355769
"ETH-Zurich: Digital Design and Computer Architecture; 227-0003-10L, Spring, 2025",139,17,https://safari.ethz.ch/ddca/spring2025/doku.php?id=start,2025-12-01 06:45:41.468723
Ly – A lightweight TUI (ncurses-like) display manager for Linux and BSD,23,0,https://codeberg.org/fairyglade/ly,2025-12-01 06:45:41.580064
AI just proved Erdos Problem #124,152,43,https://www.erdosproblems.com/forum/thread/124#post-1892,2025-12-01 06:45:41.692483
Seeing a Molecule's Quantum Shadow,13,1,https://physics.aps.org/articles/v18/s149,2025-12-01 06:45:41.806155
Self-hosting a Matrix server for 5 years,65,18,https://yaky.dev/2025-11-30-self-hosting-matrix/,2025-12-01 13:00:52.096749
Search tool that only returns content created before ChatGPT's public release,530,194,https://tegabrain.com/Slop-Evader,2025-12-01 13:00:52.213064
Advent of Code 2025,1027,327,https://adventofcode.com/2025/about,2025-12-01 13:00:52.364064
Detection of triboelectric discharges during dust events on Mars,63,37,https://gizmodo.com/weve-detected-lightning-on-mars-for-the-first-time-2000691996,2025-12-01 13:00:52.484614
Trifold is a tool to quickly and cheaply host static websites using a CDN,41,6,https://www.jpt.sh/projects/trifold/,2025-12-01 13:00:52.600613
A Love Letter to FreeBSD,342,209,https://www.tara.sh/posts/2025/2025-11-25_freebsd_letter/,2025-12-01 13:00:52.714778
DeepSeekMath-V2: Towards Self-Verifiable Mathematical Reasoning,165,53,https://huggingface.co/deepseek-ai/DeepSeek-Math-V2,2025-12-01 13:00:52.829684
Writing a good Claude.md,575,195,https://www.humanlayer.dev/blog/writing-a-good-claude-md,2025-12-01 13:00:53.118774
Advent of Sysadmin 2025,265,75,https://sadservers.com/advent,2025-12-01 13:00:53.235863
"1GB Raspberry Pi 5, and memory-driven price rises",50,20,https://www.raspberrypi.com/news/1gb-raspberry-pi-5-now-available-at-45-and-memory-driven-price-rises/,2025-12-01 13:00:53.350668
X210Ai is a new motherboard to upgrade ThinkPad X201/200,115,40,https://www.tpart.net/about-x210ai/,2025-12-01 13:00:53.467418
Algorithms for Optimization [pdf],279,26,https://algorithmsbook.com/optimization/files/optimization.pdf,2025-12-01 13:00:53.581185
Whole-body Learning in Creating Mathematical/Architectural Structures [pdf],11,0,https://archive.bridgesmathart.org/2017/bridges2017-523.pdf,2025-12-01 13:00:53.698350
N-Body Simulator – Interactive 3 Body Problem and Gravitational Physics,64,10,"https://trisolarchaos.com/?pr=lagrange&n=3&s=5.0&so=0.01&im=verlet&dt=5.00e-4&rt=1.0e-6&at=1.0e-8&bs=0.50&sf=0&sv=0&cm=free&kt=1&st=1&ag=0&tl=1500&cp=0.0000,0.0000,10.0000&ct=0.0000,0.0000,0.0000",2025-12-01 13:00:53.812039
Games using anti-cheats and their compatibility with GNU/Linux or Wine/Proton,78,68,https://areweanticheatyet.com/,2025-12-01 13:00:53.927239
Windows drive letters are not limited to A-Z,456,234,https://www.ryanliptak.com/blog/windows-drive-letters-are-not-limited-to-a-z/,2025-12-01 13:00:54.050713
Cuddle Fish – A Soft Floating Robot for Safe Physical Interaction,7,1,https://kaikunze.de/post/2025-11.18-cuddle-fish/,2025-12-01 13:00:54.169144
GitHub to Codeberg: my experience,290,110,https://eldred.fr/blog/forge-migration/,2025-12-01 13:00:54.285253
Engineers repurpose a mosquito proboscis to create a 3D printing nozzle,60,26,https://techxplore.com/news/2025-11-repurpose-mosquito-proboscis-3d-nozzle.html,2025-12-01 13:00:54.397515
Migrating Dillo from GitHub,378,193,https://dillo-browser.org/news/migration-from-github/,2025-12-01 13:00:54.510278
Google Antigravity just deleted the contents of whole drive,282,207,https://old.reddit.com/r/google_antigravity/comments/1p82or6/google_antigravity_just_deleted_the_contents_of/,2025-12-01 13:00:54.622653
Replacing My Window Manager with Google Chrome,70,16,https://foxmoss.com/blog/dote/,2025-12-01 13:00:54.734675
Accenture dubs 800k staff 'reinventors' amid shift to AI,23,10,https://www.theguardian.com/business/2025/dec/01/accenture-rebrands-staff-reinventors-ai-artificial-intelligence,2025-12-01 13:00:54.849695
SmartTube Compromised,96,64,https://www.aftvnews.com/smarttubes-official-apk-was-compromised-with-malware-what-you-should-do-if-you-use-it/,2025-12-01 13:00:54.964548
Ly – A lightweight TUI (ncurses-like) display manager for Linux and BSD,66,8,https://codeberg.org/fairyglade/ly,2025-12-01 13:00:55.080072
AI just proved Erdos Problem #124,205,68,https://www.erdosproblems.com/forum/thread/124#post-1892,2025-12-01 13:00:55.193762
High-income job losses are cooling housing demand,47,17,https://jbrec.com/insights/job-growth-housing-demand-metro-analysis-2026/,2025-12-01 18:45:44.162818
Ask HN: Who is hiring? (December 2025),113,138,https://news.ycombinator.com/item?id=46108941,2025-12-01 18:45:44.221122
DeepSeek-v3.2: Pushing the frontier of open large language models [pdf],49,16,https://huggingface.co/deepseek-ai/DeepSeek-V3.2/resolve/main/assets/paper.pdf,2025-12-01 18:45:44.277187
India orders smartphone makers to preload state-owned cyber safety app,51,13,https://www.reuters.com/sustainability/boards-policy-regulation/india-orders-mobile-phones-preloaded-with-government-app-ensure-cyber-safety-2025-12-01/,2025-12-01 18:45:44.333929
"Why xor eax, eax?",347,134,https://xania.org/202512/01-xor-eax-eax,2025-12-01 18:45:44.450712
Response to Ruby Is Not a Serious Programming Language,19,7,https://robbyonrails.com/articles/2025/12/01/why-so-serious/,2025-12-01 18:45:44.506840
Cartographers Have Been Hiding Covert Illustrations Inside of Switzerland's Maps,167,38,https://eyeondesign.aiga.org/for-decades-cartographers-have-been-hiding-covert-illustrations-inside-of-switzerlands-official-maps/,2025-12-01 18:45:44.561889
Isn't WSL2 just a VM?,68,32,https://ssg.dev/isnt-wsl2-just-a-vm/,2025-12-01 18:45:44.616614
Better Auth (YC X25) Is Hiring,1,0,https://www.ycombinator.com/companies/better-auth/jobs/eKk5nLt-developer-relation-engineer,2025-12-01 18:45:44.675179
Ask HN: Who wants to be hired? (December 2025),32,78,https://news.ycombinator.com/item?id=46108940,2025-12-01 18:45:44.727600
ImAnim: Modern animation capabilities to ImGui applications,41,9,https://github.com/soufianekhiat/ImAnim,2025-12-01 18:45:44.792856
Search tool that only returns content created before ChatGPT's public release,747,298,https://tegabrain.com/Slop-Evader,2025-12-01 18:45:44.848573
Google unkills JPEG XL?,140,122,https://tonisagrista.com/blog/2025/google-unkills-jpegxl/,2025-12-01 18:45:44.915209
Self-hosting a Matrix server for 5 years,194,84,https://yaky.dev/2025-11-30-self-hosting-matrix/,2025-12-01 18:45:44.967879
A vector graphics workstation from the 70s,85,15,https://justanotherelectronicsblog.com/?p=1429,2025-12-01 18:45:45.025396
Historic Engineering Wonders: Photos That Reveal How They Pulled It Off,82,14,https://rarehistoricalphotos.com/engineering-methods-from-the-past/,2025-12-01 18:45:45.080908
"Runway rolls out new AI video model that beats Google, OpenAI in key benchmark",7,3,https://www.cnbc.com/2025/12/01/runway-gen-4-5-video-model-google-open-ai.html,2025-12-01 18:45:45.138440
I made a quieter air purifier,80,42,https://chillphysicsenjoyer.substack.com/p/i-made-a-quieter-air-purifier,2025-12-01 18:45:45.196708
Games using anti-cheats and their compatibility with GNU/Linux or Wine/Proton,206,291,https://areweanticheatyet.com/,2025-12-01 18:45:45.255853
Langjam Gamejam: Build a programming language then make a game with it,96,43,https://langjamgamejam.com/,2025-12-01 18:45:45.317000
WordPress plugin quirk resulted in UK Gov OBR Budget leak [pdf],92,87,https://obr.uk/docs/dlm_uploads/01122025-Investigation-into-November-2025-EFO-publication-error.pdf,2025-12-01 18:45:45.436009
Spleen Monospaced Bitmap Fonts,11,3,https://github.com/fcambus/spleen,2025-12-01 18:45:45.491339
It’s been a very hard year,299,391,https://bell.bz/its-been-a-very-hard-year/,2025-12-01 18:45:45.546613
The Penicillin Myth,88,47,https://www.asimov.press/p/penicillin-myth,2025-12-01 18:45:45.667024
Trifold is a tool to quickly and cheaply host static websites using a CDN,85,30,https://www.jpt.sh/projects/trifold/,2025-12-01 18:45:45.721017
Detection of triboelectric discharges during dust events on Mars,87,46,https://gizmodo.com/weve-detected-lightning-on-mars-for-the-first-time-2000691996,2025-12-01 18:45:45.775136
DeepSeek-v3.2: Pushing the frontier of open large language models [pdf],554,269,https://huggingface.co/deepseek-ai/DeepSeek-V3.2/resolve/main/assets/paper.pdf,2025-12-02 02:08:37.339871
India orders smartphone makers to preload state-owned cyber safety app,450,241,https://www.reuters.com/sustainability/boards-policy-regulation/india-orders-mobile-phones-preloaded-with-government-app-ensure-cyber-safety-2025-12-01/,2025-12-02 02:08:37.434085
Anthropic: AI agents find $4.6M in blockchain smart contract exploits,58,41,https://red.anthropic.com/2025/smart-contracts/,2025-12-02 02:08:37.538414
Last Week on My Mac: Losing confidence,223,84,https://eclecticlight.co/2025/11/30/last-week-on-my-mac-losing-confidence/,2025-12-02 02:08:37.638771
Arcee Trinity Mini: US-Trained Moe Model,17,4,https://www.arcee.ai/blog/the-trinity-manifesto?src=hn,2025-12-02 02:08:37.732922
Ghostty compiled to WASM with xterm.js API compatibility,238,77,https://github.com/coder/ghostty-web,2025-12-02 02:08:37.833892
Ask HN: Who is hiring? (December 2025),215,297,https://news.ycombinator.com/item?id=46108941,2025-12-02 02:08:37.931613
"Why xor eax, eax?",492,186,https://xania.org/202512/01-xor-eax-eax,2025-12-02 02:08:38.024403
Apple AI chief John Giannandrea is retiring in spring 2026,181,207,https://www.macrumors.com/2025/12/01/apple-ai-chief-retiring-after-siri-failure/,2025-12-02 02:08:38.128760
Cartographers have been hiding illustrations inside Switzerland’s maps (2020),248,50,https://eyeondesign.aiga.org/for-decades-cartographers-have-been-hiding-covert-illustrations-inside-of-switzerlands-official-maps/,2025-12-02 02:08:38.225859
"Around The World, Part 27: Planting trees",6,0,https://frozenfractal.com/blog/2025/11/28/around-the-world-27-planting-trees/,2025-12-02 02:08:38.318786
Instagram chief orders staff back to the office five days a week in 2026,125,136,https://www.businessinsider.com/instagram-chief-adam-mosseri-announces-five-day-office-return-2025-12,2025-12-02 02:08:38.411866
Google unkills JPEG XL?,251,202,https://tonisagrista.com/blog/2025/google-unkills-jpegxl/,2025-12-02 02:08:38.515498
"Google, Nvidia, and OpenAI",102,100,https://stratechery.com/2025/google-nvidia-and-openai/,2025-12-02 02:08:38.612969
"Codex, Opus, Gemini try to build Counter Strike",83,20,https://www.instantdb.com/essays/agents_building_counterstrike,2025-12-02 02:08:38.712005
Myths of Fleming's Penicillin Discovery,6,1,https://press.asimov.com/articles/penicillin-myth,2025-12-02 02:08:38.812963
The Penicillin Myth,135,73,https://www.asimov.press/p/penicillin-myth,2025-12-02 02:08:38.911801
Durin is a library for reading and writing the Dwarf debugging format,49,13,https://github.com/tmcgilchrist/durin,2025-12-02 02:08:39.006604
10 years of writing a blog nobody reads,112,56,https://flowtwo.io/post/on-10-years-of-writing-a-blog-nobody-reads,2025-12-02 02:08:39.104222
Ask HN: Who wants to be hired? (December 2025),104,204,https://news.ycombinator.com/item?id=46108940,2025-12-02 02:08:39.201049
US air travelers without REAL IDs will be charged a $45 fee,33,37,https://apnews.com/article/real-id-fee-airport-security-travel-tsa-fe8c7ed55cf3dacafa10d50cc2112eb7,2025-12-02 02:08:39.299124
Mozilla's latest quagmire,85,64,https://rubenerd.com/mozillas-latest-quagmire/,2025-12-02 02:08:39.390625
John Giannandrea to Retire from Apple,28,8,https://www.apple.com/newsroom/2025/12/john-giannandrea-to-retire-from-apple/,2025-12-02 02:08:39.490680
Better Auth (YC X25) Is Hiring,1,0,https://www.ycombinator.com/companies/better-auth/jobs/eKk5nLt-developer-relation-engineer,2025-12-02 02:08:39.589739
Amazon faces FAA probe after delivery drone snaps internet cable in Texas,130,101,https://www.cnbc.com/2025/11/25/amazon-faa-probe-delivery-drone-incident-texas.html,2025-12-02 02:08:39.707573
Self-hosting a Matrix server for 5 years,241,116,https://yaky.dev/2025-11-30-self-hosting-matrix/,2025-12-02 02:08:39.811068
What will enter the public domain in 2026?,144,33,https://publicdomainreview.org/features/entering-the-public-domain/2026/,2025-12-02 06:43:00.539355
Beej's Guide to Learning Computer Science,134,22,https://beej.us/guide/bglcs/html/split/,2025-12-02 06:43:00.600083
DeepSeek-v3.2: Pushing the frontier of open large language models [pdf],697,334,https://huggingface.co/deepseek-ai/DeepSeek-V3.2/resolve/main/assets/paper.pdf,2025-12-02 06:43:00.654309
India orders smartphone makers to preload state-owned cyber safety app,586,343,https://www.reuters.com/sustainability/boards-policy-regulation/india-orders-mobile-phones-preloaded-with-government-app-ensure-cyber-safety-2025-12-01/,2025-12-02 06:43:00.708396
Tom Stoppard has died,54,6,https://www.bbc.com/news/articles/c74xe49q7vlo,2025-12-02 06:43:00.764958
Reverse math shows why hard problems are hard,55,6,https://www.quantamagazine.org/reverse-mathematics-illuminates-why-hard-problems-are-hard-20251201/,2025-12-02 06:43:00.818957
Decreasing Certificate Lifetimes to 45 Days,39,3,https://letsencrypt.org/2025/12/02/from-90-to-45.html,2025-12-02 06:43:00.875604
Beej's Guide to C Programming,6,3,https://beej.us/guide/bgc/,2025-12-02 06:43:00.950774
Frequently Asked Unicycling Questions,11,3,https://vale.rocks/posts/unicycle-faq,2025-12-02 06:43:01.006606
Notes on Bhutan,11,0,https://apropos.substack.com/p/notes-on-bhutan,2025-12-02 06:43:01.063338
Ghostty compiled to WASM with xterm.js API compatibility,296,92,https://github.com/coder/ghostty-web,2025-12-02 06:43:01.119393
Ask HN: Who is hiring? (December 2025),245,323,https://news.ycombinator.com/item?id=46108941,2025-12-02 06:43:01.173581
Arcee Trinity Mini: US-Trained Moe Model,49,11,https://www.arcee.ai/blog/the-trinity-manifesto?src=hn,2025-12-02 06:43:01.227348
"Codex, Opus, Gemini try to build Counter Strike",158,37,https://www.instantdb.com/essays/agents_building_counterstrike,2025-12-02 06:43:01.280536
Cartographers have been hiding illustrations inside Switzerland’s maps (2020),287,54,https://eyeondesign.aiga.org/for-decades-cartographers-have-been-hiding-covert-illustrations-inside-of-switzerlands-official-maps/,2025-12-02 06:43:01.336190
Tested: 1981 Datsun 280ZX Turbo (1981),35,44,https://www.caranddriver.com/reviews/a69529696/1981-datsun-280-zx-turbo-archive-test/,2025-12-02 06:43:01.395307
"Google, Nvidia, and OpenAI",161,146,https://stratechery.com/2025/google-nvidia-and-openai/,2025-12-02 06:43:01.449515
AI agents find $4.6M in blockchain smart contract exploits,154,80,https://red.anthropic.com/2025/smart-contracts/,2025-12-02 06:43:01.508330
Last Week on My Mac: Losing confidence,355,186,https://eclecticlight.co/2025/11/30/last-week-on-my-mac-losing-confidence/,2025-12-02 06:43:01.562159
Google unkills JPEG XL?,285,215,https://tonisagrista.com/blog/2025/google-unkills-jpegxl/,2025-12-02 06:43:01.615077
A Bus Ride and the (At Least) 3x UX FAILs,4,0,https://bsdly.blogspot.com/2025/11/a-bus-ride-and-at-least-3x-ux-fails.html,2025-12-02 06:43:01.670561
10 years of writing a blog nobody reads,177,92,https://flowtwo.io/post/on-10-years-of-writing-a-blog-nobody-reads,2025-12-02 06:43:01.726430
The Penicillin Myth,158,80,https://www.asimov.press/p/penicillin-myth,2025-12-02 06:43:01.782837
John Giannandrea to retire from Apple,75,289,https://www.apple.com/newsroom/2025/12/john-giannandrea-to-retire-from-apple/,2025-12-02 06:43:01.837393
Instagram chief orders staff back to the office five days a week in 2026,203,232,https://www.businessinsider.com/instagram-chief-adam-mosseri-announces-five-day-office-return-2025-12,2025-12-02 06:43:01.896241
Dark Corners of Unicode (2015),9,1,https://eev.ee/blog/2015/09/12/dark-corners-of-unicode/,2025-12-02 06:43:01.954006
Addressing the adding situation,73,6,https://xania.org/202512/02-adding-integers,2025-12-02 13:00:34.604001
Advent of Compiler Optimisations 2025,120,6,https://xania.org/202511/advent-of-compiler-optimisation,2025-12-02 13:00:34.662239
Apple Releases Open Weights Video Model,225,55,https://starflow-v.github.io,2025-12-02 13:00:34.717827
What will enter the public domain in 2026?,317,169,https://publicdomainreview.org/features/entering-the-public-domain/2026/,2025-12-02 13:00:34.776291
Comparing AWS Lambda ARM64 vs. x86_64 Performance Across Runtimes in Late 2025,45,9,https://chrisebert.net/comparing-aws-lambda-arm64-vs-x86_64-performance-across-multiple-runtimes-in-late-2025/,2025-12-02 13:00:34.890117
YouTube increases FreeBASIC performance (2019),49,6,https://freebasic.net/forum/viewtopic.php?t=27927,2025-12-02 13:00:35.021537
DeepSeek-v3.2: Pushing the frontier of open large language models [pdf],826,392,https://huggingface.co/deepseek-ai/DeepSeek-V3.2/resolve/main/assets/paper.pdf,2025-12-02 13:00:35.122788
India orders smartphone makers to preload state-owned cyber safety app,755,505,https://www.reuters.com/sustainability/boards-policy-regulation/india-orders-mobile-phones-preloaded-with-government-app-ensure-cyber-safety-2025-12-01/,2025-12-02 13:00:35.207743
Rootless Pings in Rust,80,44,https://bou.ke/blog/rust-ping/,2025-12-02 13:00:35.259289
Beej's Guide to Learning Computer Science,190,62,https://beej.us/guide/bglcs/,2025-12-02 13:00:35.311893
How Brian Eno Created Ambient 1: Music for Airports (2019),71,39,https://reverbmachine.com/blog/deconstructing-brian-eno-music-for-airports/,2025-12-02 13:00:35.366369
Why Replicate is joining Cloudflare,55,39,https://blog.cloudflare.com/why-replicate-joining-cloudflare/,2025-12-02 13:00:35.420610
Reverse math shows why hard problems are hard,116,20,https://www.quantamagazine.org/reverse-mathematics-illuminates-why-hard-problems-are-hard-20251201/,2025-12-02 13:00:35.476451
Wacky Fun Physics Ideas,14,1,https://scottlocklin.wordpress.com/2025/11/22/wacky-fun-physics-ideas/,2025-12-02 13:00:35.530521
Tom Stoppard has died,108,28,https://www.bbc.com/news/articles/c74xe49q7vlo,2025-12-02 13:00:35.588221
Man unexpectedly cured of HIV after stem cell transplant,47,4,https://www.newscientist.com/article/2506595-man-unexpectedly-cured-of-hiv-after-stem-cell-transplant/,2025-12-02 13:00:35.645845
"Codex, Opus, Gemini try to build Counter Strike",232,77,https://www.instantdb.com/essays/agents_building_counterstrike,2025-12-02 13:00:35.702419
Notes on Bhutan,73,39,https://apropos.substack.com/p/notes-on-bhutan,2025-12-02 13:00:35.757829
URL in C (2011),49,16,https://susam.net/url-in-c.html,2025-12-02 13:00:35.815849
Ghostty compiled to WASM with xterm.js API compatibility,346,99,https://github.com/coder/ghostty-web,2025-12-02 13:00:35.895671
"After Windows Update, Password icon invisible, click where it used to be",103,71,https://support.microsoft.com/en-us/topic/august-29-2025-kb5064081-os-build-26100-5074-preview-3f9eb9e1-72ca-4b42-af97-39aace788d93,2025-12-02 13:00:35.952555
Ask HN: Who is hiring? (December 2025),267,346,https://news.ycombinator.com/item?id=46108941,2025-12-02 13:00:36.005215
An LED panel that shows the aviation around you,5,1,https://github.com/AxisNimble/TheFlightWall_OSS,2025-12-02 13:00:36.059335
Invisible details of interaction design (2023),28,3,https://rauno.me/craft/interaction-design,2025-12-02 13:00:36.114766
Cartographers have been hiding illustrations inside Switzerland’s maps (2020),322,71,https://eyeondesign.aiga.org/for-decades-cartographers-have-been-hiding-covert-illustrations-inside-of-switzerlands-official-maps/,2025-12-02 13:00:36.171635
"Google, Nvidia, and OpenAI",214,179,https://stratechery.com/2025/google-nvidia-and-openai/,2025-12-02 13:00:36.229850
Bun is joining Anthropic,260,99,https://bun.com/blog/bun-joins-anthropic,2025-12-02 18:43:58.202029
100000 TPS over a billion rows: the unreasonable effectiveness of SQLite,60,5,https://andersmurphy.com/2025/12/02/100000-tps-over-a-billion-rows-the-unreasonable-effectiveness-of-sqlite.html,2025-12-02 18:43:58.285616
The Junior Hiring Crisis,36,15,https://people-work.io/blog/junior-hiring-crisis/,2025-12-02 18:43:58.371734
I Designed and Printed a Custom Nose Guard to Help My Dog with DLE,164,19,https://snoutcover.com/billie-story,2025-12-02 18:43:58.459203
Learning Music with Strudel,253,62,https://terryds.notion.site/Learning-Music-with-Strudel-2ac98431b24180deb890cc7de667ea92,2025-12-02 18:43:58.543831
Mistral 3 family of models released,444,143,https://mistral.ai/news/mistral-3,2025-12-02 18:43:58.626734
Nixtml: Static website and blog generator written in Nix,66,17,https://github.com/arnarg/nixtml,2025-12-02 18:43:58.748290
Addressing the adding situation,227,68,https://xania.org/202512/02-adding-integers,2025-12-02 18:43:58.838078
Poka Labs (YC S24) Is Hiring a Founding Engineer,1,0,https://www.ycombinator.com/companies/poka-labs/jobs/RCQgmqB-founding-engineer,2025-12-02 18:43:58.926332
YesNotice,87,40,https://infinitedigits.co/docs/software/yesnotice/,2025-12-02 18:43:59.011873
4.3M Browsers Infected: Inside ShadyPanda's 7-Year Malware Campaign,31,4,https://www.koi.ai/blog/4-million-browsers-infected-inside-shadypanda-7-year-malware-campaign,2025-12-02 18:43:59.106103
Advent of Compiler Optimisations 2025,280,46,https://xania.org/202511/advent-of-compiler-optimisation,2025-12-02 18:43:59.193784
Python Data Science Handbook,136,28,https://jakevdp.github.io/PythonDataScienceHandbook/,2025-12-02 18:43:59.290409
IBM CEO says there is 'no way' spending on AI data centers will pay off,31,10,https://www.businessinsider.com/ibm-ceo-big-tech-ai-capex-data-center-spending-2025-12,2025-12-02 18:43:59.375026
"Show HN: Marmot – Single-binary data catalog (no Kafka, no Elasticsearch)",68,12,https://github.com/marmotdata/marmot,2025-12-02 18:43:59.486771
Lowtype: Elegant Types in Ruby,28,7,https://codeberg.org/Iow/type,2025-12-02 18:43:59.576096
Apple Releases Open Weights Video Model,385,127,https://starflow-v.github.io,2025-12-02 18:43:59.665265
A series of vignettes from my childhood and early career,112,76,https://www.jasonscheirer.com/weblog/vignettes/,2025-12-02 18:43:59.758878
What will enter the public domain in 2026?,432,290,https://publicdomainreview.org/features/entering-the-public-domain/2026/,2025-12-02 18:43:59.846057
YouTube increases FreeBASIC performance (2019),138,32,https://freebasic.net/forum/viewtopic.php?t=27927,2025-12-02 18:43:59.932002
School Cell Phone Bans and Student Achievement (NBER Digest),4,1,https://www.nber.org/digest/202512/school-cell-phone-bans-and-student-achievement,2025-12-02 18:44:00.020359
Comparing AWS Lambda ARM64 vs. x86_64 Performance Across Runtimes in Late 2025,108,47,https://chrisebert.net/comparing-aws-lambda-arm64-vs-x86_64-performance-across-multiple-runtimes-in-late-2025/,2025-12-02 18:44:00.112057
Anthropic Acquires Bun,26,10,https://www.anthropic.com/news/anthropic-acquires-bun-as-claude-code-reaches-usd1b-milestone,2025-12-02 18:44:00.199902
Lazier Binary Decision Diagrams for set-theoretic types,38,5,https://elixir-lang.org/blog/2025/12/02/lazier-bdds-for-set-theoretic-types/,2025-12-02 18:44:00.287929
Beej's Guide to Learning Computer Science,306,118,https://beej.us/guide/bglcs/,2025-12-02 18:44:00.376657
Apple to beat Samsung in smartphone shipments for first time in 14 years,31,29,https://sherwood.news/tech/apple-to-beat-samsung-in-smartphone-shipments-for-first-time-in-14-years/,2025-12-02 18:44:00.461599
Anthropic acquires Bun,1408,690,https://bun.com/blog/bun-joins-anthropic,2025-12-03 02:08:29.217332
IBM CEO says there is 'no way' spending on AI data centers will pay off,237,315,https://www.businessinsider.com/ibm-ceo-big-tech-ai-capex-data-center-spending-2025-12,2025-12-03 02:08:29.302286
Paged Out,222,29,https://pagedout.institute,2025-12-03 02:08:29.407024
I designed and printed a custom nose guard to help my dog with DLE,403,54,https://snoutcover.com/billie-story,2025-12-03 02:08:29.520027
OpenAI declares 'code red' as Google catches up in AI race,444,528,https://www.theverge.com/news/836212/openai-code-red-chatgpt,2025-12-03 02:08:29.625858
Amazon launches Trainium3,127,52,https://techcrunch.com/2025/12/02/amazon-releases-an-impressive-new-ai-chip-and-teases-a-nvidia-friendly-roadmap/,2025-12-03 02:08:29.714313
DOOM could have had PC Speaker Music,25,21,https://lenowo.org/viewtopic.php?t=45,2025-12-03 02:08:29.800689
Free static site generator for small restaurants and cafes,83,54,https://lite.localcafe.org/,2025-12-03 02:08:29.908086
Learning music with Strudel,386,96,https://terryds.notion.site/Learning-Music-with-Strudel-2ac98431b24180deb890cc7de667ea92,2025-12-03 02:08:30.015550
Qwen3-VL can scan two-hour videos and pinpoint nearly every detail,100,28,https://the-decoder.com/qwen3-vl-can-scan-two-hour-videos-and-pinpoint-nearly-every-detail/,2025-12-03 02:08:30.099597
Ecosia: The greenest AI is here,60,34,https://blog.ecosia.org/ecosia-ai/,2025-12-03 02:08:30.178093
All about automotive lidar,95,48,https://mainstreetautonomy.com/blog/2025-08-29-all-about-automotive-lidar/,2025-12-03 02:08:30.271053
Zig's new plan for asynchronous programs,219,170,https://lwn.net/SubscriberLink/1046084/4c048ee008e1c70e/,2025-12-03 02:08:30.376490
100k TPS over a billion rows: the unreasonable effectiveness of SQLite,283,103,https://andersmurphy.com/2025/12/02/100000-tps-over-a-billion-rows-the-unreasonable-effectiveness-of-sqlite.html,2025-12-03 02:08:30.486010
School cell phone bans and student achievement,85,87,https://www.nber.org/digest/202512/school-cell-phone-bans-and-student-achievement,2025-12-03 02:08:30.574594
Delty (YC X25) Is Hiring,1,0,https://www.ycombinator.com/companies/delty/jobs/aPWMaiq-full-stack-software-engineer,2025-12-03 02:08:30.662021
Exploring Large HTML Documents on the Web,24,2,https://calendar.perfplanet.com/2025/exploring-large-html-documents-on-the-web/,2025-12-03 02:08:30.747584
Practical Intro to Operational Transformation,14,1,https://archive.casouri.cc/note/2025/practical-intro-ot/,2025-12-03 02:08:30.854851
Zenroom – No-code cryptographic virtual machine,7,3,https://zenroom.org/,2025-12-03 02:08:30.948077
YesNotice,150,55,https://infinitedigits.co/docs/software/yesnotice/,2025-12-03 02:08:31.035349
Advent of Compiler Optimisations 2025,343,55,https://xania.org/202511/advent-of-compiler-optimisation,2025-12-03 02:08:31.112076
Cursed circuits: charge pump voltage halver,56,20,https://lcamtuf.substack.com/p/cursed-circuits-charge-pump-voltage,2025-12-03 02:08:31.207534
Mistral 3 family of models released,663,189,https://mistral.ai/news/mistral-3,2025-12-03 02:08:31.793240
Claude 4.5 Opus’ Soul Document,263,156,https://www.lesswrong.com/posts/vpNG99GhbBoLov9og/claude-4-5-opus-soul-document,2025-12-03 02:08:31.903039
Addressing the adding situation,246,82,https://xania.org/202512/02-adding-integers,2025-12-03 02:08:32.010825
The Junior Hiring Crisis,223,338,https://people-work.io/blog/junior-hiring-crisis/,2025-12-03 02:08:32.134409
Japanese game devs face font dilemma as license increases from $380 to $20k,112,45,https://www.gamesindustry.biz/japanese-devs-face-font-licensing-dilemma-as-leading-provider-increases-annual-plan-price-from-380-to-20000,2025-12-03 06:42:33.118435
Anthropic acquires Bun,1641,783,https://bun.com/blog/bun-joins-anthropic,2025-12-03 06:42:33.170820
IBM CEO says there is 'no way' spending on AI data centers will pay off,398,486,https://www.businessinsider.com/ibm-ceo-big-tech-ai-capex-data-center-spending-2025-12,2025-12-03 06:42:33.224926
AI Is Breaking the Moral Foundation of Modern Society,9,0,https://eyeofthesquid.com/ai-is-breaking-the-moral-foundation-of-modern-society-a145d471694f,2025-12-03 06:42:33.281325
AI Agents Break Rules Under Everyday Pressure,50,9,https://spectrum.ieee.org/ai-agents-safety,2025-12-03 06:42:33.340430
Paged Out,334,33,https://pagedout.institute,2025-12-03 06:42:33.396467
Understanding ECDSA,30,3,https://avidthinker.github.io/2025/11/28/understanding-ecdsa/,2025-12-03 06:42:33.450823
Sending DMARC reports is somewhat hazardous,13,0,https://utcc.utoronto.ca/~cks/space/blog/spam/DMARCSendingReportsProblems,2025-12-03 06:42:33.513003
OpenAI declares 'code red' as Google catches up in AI race,574,644,https://www.theverge.com/news/836212/openai-code-red-chatgpt,2025-12-03 06:42:33.578041
I designed and printed a custom nose guard to help my dog with DLE,473,57,https://snoutcover.com/billie-story,2025-12-03 06:42:33.635561
"Interview with RollerCoaster Tycoon's Creator, Chris Sawyer (2024)",16,0,https://medium.com/atari-club/interview-with-rollercoaster-tycoons-creator-chris-sawyer-684a0efb0f13,2025-12-03 06:42:33.690507
"Quad9 DOH HTTP/1.1 Retirement, December 15, 2025",6,0,https://quad9.net/news/blog/doh-http-1-1-retirement/,2025-12-03 06:42:33.748768
Counter Galois Onion: Improved encryption for Tor circuit traffic,54,5,https://blog.torproject.org/introducing-cgo/,2025-12-03 06:42:33.807267
All Sources of DirectX 12 Documentation,12,3,https://asawicki.info/news_1794_all_sources_of_directx_12_documentation,2025-12-03 06:42:33.864905
Amazon launches Trainium3,161,64,https://techcrunch.com/2025/12/02/amazon-releases-an-impressive-new-ai-chip-and-teases-a-nvidia-friendly-roadmap/,2025-12-03 06:42:33.922130
Learning music with Strudel,442,108,https://terryds.notion.site/Learning-Music-with-Strudel-2ac98431b24180deb890cc7de667ea92,2025-12-03 06:42:33.976581
Qwen3-VL can scan two-hour videos and pinpoint nearly every detail,160,50,https://the-decoder.com/qwen3-vl-can-scan-two-hour-videos-and-pinpoint-nearly-every-detail/,2025-12-03 06:42:34.031561
Super fast aggregations in PostgreSQL 19,9,1,https://www.cybertec-postgresql.com/en/super-fast-aggregations-in-postgresql-19/,2025-12-03 06:42:34.090876
Zig's new plan for asynchronous programs,257,198,https://lwn.net/SubscriberLink/1046084/4c048ee008e1c70e/,2025-12-03 06:42:34.145422
Load ZX Spectrum – first Museum dedicated to our first personal computer,31,5,https://loadzx.com/en/,2025-12-03 06:42:34.200162
All about automotive lidar,136,61,https://mainstreetautonomy.com/blog/2025-08-29-all-about-automotive-lidar/,2025-12-03 06:42:34.255902
School cell phone bans and student achievement,126,124,https://www.nber.org/digest/202512/school-cell-phone-bans-and-student-achievement,2025-12-03 06:42:34.317248
"Kohler Can Access Pictures from ""End-to-End Encrypted"" Toilet Camera",127,123,https://varlogsimon.leaflet.pub/3m6zrw6k2bs2p?interactionDrawer=quotes,2025-12-03 06:42:34.372504
Free static site generator for small restaurants and cafes,113,72,https://lite.localcafe.org/,2025-12-03 06:42:34.429135
Delty (YC X25) Is Hiring,1,0,https://www.ycombinator.com/companies/delty/jobs/aPWMaiq-full-stack-software-engineer,2025-12-03 06:42:34.489175
100k TPS over a billion rows: the unreasonable effectiveness of SQLite,327,113,https://andersmurphy.com/2025/12/02/100000-tps-over-a-billion-rows-the-unreasonable-effectiveness-of-sqlite.html,2025-12-03 06:42:34.544458
You Can't Fool the Optimizer,42,13,https://xania.org/202512/03-more-adding-integers,2025-12-03 13:00:49.836196
"The ""Mad Men"" in 4K on HBO Max Debacle",61,16,http://fxrant.blogspot.com/2025/12/the-mad-men-in-4k-on-hbo-max-debacle.html,2025-12-03 13:00:49.935878
Anthropic acquires Bun,1924,910,https://bun.com/blog/bun-joins-anthropic,2025-12-03 13:00:50.032616
Mathematics is hard for mathematicians to understand too,42,27,https://www.science.org/doi/10.1126/science.aec9014,2025-12-03 13:00:50.127606
"Zig quits GitHub, says Microsoft's AI obsession has ruined the service",419,218,https://www.theregister.com/2025/12/02/zig_quits_github_microsoft_ai_obsession/,2025-12-03 13:00:50.226528
IBM CEO says there is 'no way' spending on AI data centers will pay off,625,689,https://www.businessinsider.com/ibm-ceo-big-tech-ai-capex-data-center-spending-2025-12,2025-12-03 13:00:50.323188
"Interview with RollerCoaster Tycoon's Creator, Chris Sawyer (2024)",141,25,https://medium.com/atari-club/interview-with-rollercoaster-tycoons-creator-chris-sawyer-684a0efb0f13,2025-12-03 13:00:50.418855
AI agents break rules under everyday pressure,170,82,https://spectrum.ieee.org/ai-agents-safety,2025-12-03 13:00:50.515488
A Look at Rust from 2012,10,0,https://purplesyringa.moe/blog/a-look-at-rust-from-2012/,2025-12-03 13:00:50.612886
The Writing Is on the Wall for Handwriting Recognition,68,30,https://newsletter.dancohen.org/archive/the-writing-is-on-the-wall-for-handwriting-recognition/,2025-12-03 13:00:50.710880
Super fast aggregations in PostgreSQL 19,106,9,https://www.cybertec-postgresql.com/en/super-fast-aggregations-in-postgresql-19/,2025-12-03 13:00:50.807583
Paged Out,460,50,https://pagedout.institute,2025-12-03 13:00:50.904797
Researchers Find Microbe Capable of Producing Oxygen from Martian Soil,38,19,https://scienceclock.com/microbe-that-could-turn-martian-dust-into-oxygen/,2025-12-03 13:00:51.004156
"Quad9 DOH HTTP/1.1 Retirement, December 15, 2025",75,20,https://quad9.net/news/blog/doh-http-1-1-retirement/,2025-12-03 13:00:51.101096
OpenAI declares 'code red' as Google catches up in AI race,704,779,https://www.theverge.com/news/836212/openai-code-red-chatgpt,2025-12-03 13:00:51.197766
I designed and printed a custom nose guard to help my dog with DLE,539,63,https://snoutcover.com/billie-story,2025-12-03 13:00:51.294728
Understanding ECDSA,74,17,https://avidthinker.github.io/2025/11/28/understanding-ecdsa/,2025-12-03 13:00:51.390114
Trying Out C++26 Executors,20,14,https://mropert.github.io/2025/11/21/trying_out_stdexec/,2025-12-03 13:00:51.486813
Learning music with Strudel,512,121,https://terryds.notion.site/Learning-Music-with-Strudel-2ac98431b24180deb890cc7de667ea92,2025-12-03 13:00:51.582056
Accepting US car standards would risk European lives,736,547,https://etsc.eu/accepting-us-car-standards-would-risk-european-lives-warn-cities-and-civil-society/,2025-12-03 13:00:51.678282
"What, if anything, is universal to music cognition? (2024)",26,16,https://www.nature.com/articles/s41562-023-01800-9,2025-12-03 13:00:51.820597
Qwen3-VL can scan two-hour videos and pinpoint nearly every detail,215,64,https://the-decoder.com/qwen3-vl-can-scan-two-hour-videos-and-pinpoint-nearly-every-detail/,2025-12-03 13:00:51.920458
Zig's new plan for asynchronous programs,301,217,https://lwn.net/SubscriberLink/1046084/4c048ee008e1c70e/,2025-12-03 13:00:52.027491
Counter Galois Onion: Improved encryption for Tor circuit traffic,84,27,https://blog.torproject.org/introducing-cgo/,2025-12-03 13:00:52.120222
Amazon launches Trainium3,181,65,https://techcrunch.com/2025/12/02/amazon-releases-an-impressive-new-ai-chip-and-teases-a-nvidia-friendly-roadmap/,2025-12-03 13:00:52.218310
All about automotive lidar,169,65,https://mainstreetautonomy.com/blog/2025-08-29-all-about-automotive-lidar/,2025-12-03 13:00:52.326995
Steam Deck lead reveals Valve is funding ARM compatibility of Windows games,194,92,https://frvr.com/blog/news/steam-deck-lead-reveals-valve-is-funding-arm-compatibility-of-windows-games-to-expand-pc-gaming-and-release-ultraportables-in-the-future/,2025-12-03 18:42:49.457353
Reverse engineering a $1B Legal AI tool exposed 100k+ confidential files,108,21,https://alexschapiro.com/security/vulnerability/2025/12/02/filevine-api-100k,2025-12-03 18:42:49.550906
"1D Conway's Life glider found, 3.7B cells long",100,24,https://conwaylife.com/forums/viewtopic.php?&p=222136#p222136,2025-12-03 18:42:49.663667
MinIO is now in maintenance-mode,214,129,https://github.com/minio/minio/commit/27742d469462e1561c776f88ca7a1f26816d69e2,2025-12-03 18:42:49.843098
Launch HN: Phind 3 (YC S22) – Every answer is a mini-app,23,15,https://news.ycombinator.com/item?id=46137548,2025-12-03 18:42:49.956811
RCE Vulnerability in React and Next.js,130,34,https://github.com/vercel/next.js/security/advisories/GHSA-9qr9-h5gf-34mp,2025-12-03 18:42:50.049549
How to Synthesize a House Loop,88,25,https://loopmaster.xyz/tutorials/how-to-synthesize-a-house-loop,2025-12-03 18:42:50.150508
Congressional lawmakers 47% pts better at picking stocks,668,402,https://www.nber.org/papers/w34524,2025-12-03 18:42:50.247057
Rocketable (YC W25) is hiring a founding engineer to automate software companies,1,0,https://www.ycombinator.com/companies/rocketable/jobs/CArgzmX-founding-engineer-automation-platform,2025-12-03 18:42:50.339933
You Can't Fool the Optimizer,181,106,https://xania.org/202512/03-more-adding-integers,2025-12-03 18:42:50.435987
Prompt Injection via Poetry,12,3,https://www.wired.com/story/poems-can-trick-ai-into-helping-you-make-a-nuclear-weapon/,2025-12-03 18:42:50.531312
GSWT: Gaussian Splatting Wang Tiles,52,13,https://yunfan.zone/gswt_webpage/,2025-12-03 18:42:50.623053
A Look at Rust from 2012,120,34,https://purplesyringa.moe/blog/a-look-at-rust-from-2012/,2025-12-03 18:42:50.719309
Shrinking While Linking,11,2,https://www.tweag.io/blog/2025-11-27-shrinking-static-libs/,2025-12-03 18:42:50.810778
Are we repeating the telecoms crash with AI datacenters?,93,43,https://martinalderson.com/posts/are-we-really-repeating-the-telecoms-crash-with-ai-datacenters/,2025-12-03 18:42:50.905204
Stop Talking,18,14,https://gurkan.in/2025/12/stop-talking/,2025-12-03 18:42:51.001257
Show HN: Fresh – A new terminal editor built in Rust,14,9,https://sinelaw.github.io/fresh/,2025-12-03 18:42:51.092297
"Zig quits GitHub, says Microsoft's AI obsession has ruined the service",800,450,https://www.theregister.com/2025/12/02/zig_quits_github_microsoft_ai_obsession/,2025-12-03 18:42:51.194455
"Interview with RollerCoaster Tycoon's Creator, Chris Sawyer (2024)",238,42,https://medium.com/atari-club/interview-with-rollercoaster-tycoons-creator-chris-sawyer-684a0efb0f13,2025-12-03 18:42:51.289644
Helldivers 2 devs slash install size from 154GB to 23GB,282,204,https://www.tomshardware.com/video-games/pc-gaming/helldivers-2-install-size-slashed-from-154gb-to-just-23gb-85-percent-reduction-accomplished-by-de-duplicating-game-data-an-optimization-for-older-mechanical-hard-drives,2025-12-03 18:42:51.385541
Super fast aggregations in PostgreSQL 19,194,19,https://www.cybertec-postgresql.com/en/super-fast-aggregations-in-postgresql-19/,2025-12-03 18:42:51.480003
Why are my headphones buzzing whenever I run my game?,74,71,https://alexene.dev/2025/12/03/Why-do-my-headphones-buzz-when-i-run-my-game.html,2025-12-03 18:42:51.576375
VA staff flag dangerous errors in Oracle-built electronic health record,64,10,https://www.washingtonpost.com/investigations/2025/12/03/veterans-administration-va-hospitals-health/,2025-12-03 18:42:51.672435
Anthropic acquires Bun,2084,998,https://bun.com/blog/bun-joins-anthropic,2025-12-03 18:42:51.769632
universal-tbxi-patchset: Mac OS New World ROM patchset to boot System 7.5,28,2,https://github.com/Wack0/universal-tbxi-patchset,2025-12-03 18:42:51.870267
Anthropic reportedly preparing for $300B IPO,165,127,https://vechron.com/2025/12/anthropic-hires-wilson-sonsini-ipo-2026-openai-race/,2025-12-03 18:42:51.963052
