title,upvotes,comments,link,post_time,platform
FAWK: LLMs can write a language interpreter,61,23,https://martin.janiczek.cz/2025/11/21/fawk-llms-can-write-a-language-interpreter.html,2025-11-21 12:49:26,hacker_news
Olmo 3: Charting a path through the model flow to lead open-source AI,174,29,https://allenai.org/blog/olmo3,2025-11-21 12:49:26,hacker_news
It's hard to build an oscillator,78,36,https://lcamtuf.substack.com/p/its-hard-to-build-an-oscillator,2025-11-21 12:49:26,hacker_news
Nano Banana Pro,1092,619,https://blog.google/technology/ai/nano-banana-pro/,2025-11-21 12:49:27,hacker_news
I converted a rotary phone into a meeting handset,37,13,https://www.stavros.io/posts/i-converted-a-rotary-phone-into-a-meeting-handset/,2025-11-21 12:49:27,hacker_news
"Android and iPhone users can now share files, starting with the Pixel 10",709,421,https://blog.google/products/android/quick-share-airdrop/,2025-11-21 12:49:28,hacker_news
Open Source and Local Code Mode MCP in Deno Sandboxes,4,0,https://portofcontext.com,2025-11-21 12:49:28,hacker_news
Roundtable (YC S23) Is Hiring Two Sales Development Representatives (SDRs),1,0,https://www.ycombinator.com/companies/roundtable/jobs/irJTEsg-sales-development-representative,2025-11-21 12:49:29,hacker_news
FEX-emu – Run x86 applications on ARM64 Linux devices,219,87,https://fex-emu.com/,2025-11-21 12:49:29,hacker_news
WebAssembly from the Ground Up,146,36,https://wasmgroundup.com/,2025-11-21 12:49:30,hacker_news
"Scientists now know that bees can process time, a first in insects",28,15,https://www.cnn.com/2025/11/12/science/bees-visual-stimulus-study-scli-intl,2025-11-21 12:49:30,hacker_news
HP and Dell disable HEVC support built into their laptops' CPUs,79,46,https://arstechnica.com/gadgets/2025/11/hp-and-dell-disable-hevc-support-built-into-their-laptops-cpus/,2025-11-21 12:49:30,hacker_news
Show HN: 32V TENS device from built from scratch under $100,34,5,https://littlemountainman.github.io/2025/11/17/tens/,2025-11-21 12:49:31,hacker_news
Over-regulation is doubling the cost,233,425,https://rein.pk/over-regulation-is-doubling-the-cost,2025-11-21 12:49:31,hacker_news
New OS aims to provide (some) compatibility with macOS,248,121,https://github.com/ravynsoft/ravynos,2025-11-21 12:49:32,hacker_news
Okta's NextJS-0auth troubles,324,120,https://joshua.hu/ai-slop-okta-nextjs-0auth-security-vulnerability,2025-11-21 12:49:32,hacker_news
Data-at-Rest Encryption in DuckDB,187,21,https://duckdb.org/2025/11/19/encryption-in-duckdb,2025-11-21 12:49:33,hacker_news
NTSB Preliminary Report – UPS Boeing MD-11F Crash [pdf],181,197,https://www.ntsb.gov/Documents/Prelimiary%20Report%20DCA26MA024.pdf,2025-11-21 12:49:33,hacker_news
The Lions Operating System,176,48,https://lionsos.org,2025-11-21 12:49:34,hacker_news
The Qtile Window Manager: A Python-Powered Tiling Experience,16,3,https://tech.stonecharioteer.com/posts/2025/qtile-window-manager/,2025-11-21 12:49:34,hacker_news
Free interactive tool that shows you how PCIe lanes work on motherboards,222,51,https://mobomaps.com,2025-11-21 12:49:35,hacker_news
Hilbert space: Treating functions as vectors,75,35,https://eli.thegreenplace.net/2025/hilbert-space-treating-functions-as-vectors/,2025-11-21 12:49:35,hacker_news
Show HN: F32 – An Extremely Small ESP32 Board,258,45,https://github.com/PegorK/f32,2025-11-21 12:49:36,hacker_news
Adversarial poetry as a universal single-turn jailbreak mechanism in LLMs,315,158,https://arxiv.org/abs/2511.15304,2025-11-21 12:49:36,hacker_news
How a French judge was digitally cut off by the USA,9,2,https://www.heise.de/en/news/How-a-French-judge-was-digitally-cut-off-by-the-USA-11087561.html,2025-11-21 12:49:37,hacker_news
Show HN: My hobby OS that runs Minecraft,196,21,https://astral-os.org/posts/2025/10/31/astral-minecraft.html,2025-11-21 12:49:37,hacker_news
Terranova is lifting land out of flood zones using terraforming robots,8,6,https://www.terranova.inc/,2025-11-21 12:49:38,hacker_news
Two recently found works of J.S. Bach presented in Leipzig [video],154,96,https://www.youtube.com/watch?v=4hXzUGYIL9M#t=15m19s,2025-11-21 12:49:38,hacker_news
CBP is monitoring US drivers and detaining those with suspicious travel patterns,734,783,https://apnews.com/article/immigration-border-patrol-surveillance-drivers-ice-trump-9f5d05469ce8c629d6fecf32d32098cd,2025-11-21 12:49:39,hacker_news
GitHut – Programming Languages and GitHub (2014),79,29,https://githut.info/,2025-11-21 12:49:39,hacker_news
Fran Sans – font inspired by San Francisco light rail displays,373,54,https://emilysneddon.com/fran-sans-essay,2025-11-23 23:03:47,hacker_news
Native Secure Enclave backed SSH keys on macOS,255,90,https://gist.github.com/arianvp/5f59f1783e3eaf1a2d4cd8e952bb4acf,2025-11-23 23:03:47,hacker_news
Rust is a disappointment,45,20,https://bykozy.me/blog/rust-is-a-disappointment/,2025-11-23 23:03:48,hacker_news
"Calculus for Mathematicians, Computer Scientists, and Physicists [pdf]",185,38,https://mathcs.holycross.edu/~ahwang/print/calc.pdf,2025-11-23 23:03:48,hacker_news
Show HN: Gitlogue – A terminal tool that replays your Git commits with animation,52,7,https://github.com/unhappychoice/gitlogue,2025-11-23 23:03:48,hacker_news
780k Windows Users Downloaded Linux Distro Zorin OS in the Last 5 Weeks,120,114,https://blog.zorin.com/2025/11/18/test-the-upgrade-from-zorin-os-17-to-18-and-celebrating-1-million-downloads-of-zorin-os-18/,2025-11-23 23:03:48,hacker_news
Liva AI (YC S25) Is Hiring,1,0,https://www.ycombinator.com/companies/liva-ai/jobs/fYP8QP8-growth-intern,2025-11-23 23:03:48,hacker_news
Shaders: How to draw high fidelity graphics with just x and y coordinates,301,67,https://www.makingsoftware.com/chapters/shaders,2025-11-23 23:03:48,hacker_news
Racket v9.0,241,82,https://blog.racket-lang.org/2025/11/racket-v9-0.html,2025-11-23 23:03:48,hacker_news
Mount Proton Drive on Linux using rclone and systemd,88,32,https://github.com/dadtronics/protondrive-linux,2025-11-23 23:03:48,hacker_news
"Iowa City Made Its Buses Free. Traffic Cleared, and So Did the Air",40,10,https://www.nytimes.com/2025/11/18/climate/iowa-city-free-buses.html,2025-11-23 23:03:48,hacker_news
Particle Life – Sandbox Science,7,0,https://sandbox-science.com/particle-life,2025-11-23 23:03:48,hacker_news
Good engineering management is a fad,115,38,https://lethain.com/good-eng-mgmt-is-a-fad/,2025-11-23 23:03:48,hacker_news
A time-travelling door bug in Half Life 2,277,24,https://mastodon.gamedev.place/@TomF/115589875974658415,2025-11-23 23:03:48,hacker_news
I Learned the Pythagorean Theorem,14,4,https://danq.me/2025/11/13/pythagorean-theorem/,2025-11-23 23:03:48,hacker_news
"After my dad died, we found the love letters",724,350,https://www.jenn.site/after-my-dad-died-we-found-the-love-letters/,2025-11-23 23:03:48,hacker_news
Editing Code in Emacs,100,30,https://redpenguin101.github.io/html/posts/2025_11_23_emacs_for_code_editing.html,2025-11-23 23:03:48,hacker_news
A monopoly ISP refuses to fix upstream infrastructure,572,287,https://sacbear.com/xfinity-wont-fix-internet/,2025-11-23 23:03:48,hacker_news
Court filings allege Meta downplayed risks to children and misled the public,287,127,https://time.com/7336204/meta-lawsuit-files-child-safety/,2025-11-23 23:03:48,hacker_news
"Terence Tao: At the Erdos problem website, AI assistance now becoming routine",138,15,https://mathstodon.xyz/@tao/115591487350860999,2025-11-23 23:03:48,hacker_news
Halfbakery: Purely functional programming with heat output,3,0,https://www.halfbakery.com/idea/Purely_20functional_20programming_20with_20heat_20output#1763275883,2025-11-23 23:03:49,hacker_news
MCP Apps: Extending servers with interactive user interfaces,154,104,http://blog.modelcontextprotocol.io/posts/2025-11-21-mcp-apps/,2025-11-23 23:03:49,hacker_news
"Spectral rendering, part 2: Real-time rendering",50,15,https://momentsingraphics.de/SpectralRendering2Rendering.html,2025-11-23 23:03:49,hacker_news
Pyrotechnic Display Design Software,31,10,https://github.com/giuseppe-coco/FireShow,2025-11-23 23:03:49,hacker_news
"Garibaldi, history's sexiest revolutionary?",78,60,https://www.historyextra.com/period/victorian/historys-sexiest-revolutionary-meet-the-mesmerising-general-whose-charms-helped-win-a-war/,2025-11-23 23:03:49,hacker_news
Unusual circuits in the Intel 386's standard cell logic,205,51,https://www.righto.com/2025/11/unusual-386-standard-cell-circuits.html,2025-11-23 23:03:49,hacker_news
Lead magnet creation for blue collar SaaS,4,3,https://estimatekit.com/free-templates,2025-11-23 23:03:49,hacker_news
Almost all Collatz orbits attain almost bounded values,91,31,https://mathvideos.org/2023/terence-tao-almost-all-collatz-orbits-attain-almost-bounded-values/,2025-11-23 23:03:49,hacker_news
The Inference Economy: Why demand matters more than supply,20,3,https://frontierai.substack.com/p/the-inference-economy-part-ii,2025-11-23 23:03:49,hacker_news
GCC SC approves inclusion of Algol 68 Front End,216,89,https://gcc.gnu.org/pipermail/gcc/2025-November/247020.html,2025-11-23 23:03:49,hacker_news
Sunsetting Supermaven,10,0,https://supermaven.com/blog/sunsetting-supermaven,2025-11-23 23:25:48,hacker_news
"A desktop app for isolated, parallel agentic development",4,1,https://github.com/coder/mux,2025-11-23 23:25:49,hacker_news
Sit – Create StuffIt archives on Unix systems,56,6,https://github.com/thecloudexpanse/sit,2025-11-23 23:25:50,hacker_news
Giving the Jakks Atari Paddle a Spin,4,0,https://nicole.express/2025/paddle-me-atari.html,2025-11-23 23:25:50,hacker_news
SVG.js v3.2,68,12,https://svgjs.dev/docs/3.2/,2025-11-23 23:25:50,hacker_news
New magnetic component discovered in the Faraday effect after nearly 2 centuries,49,3,https://phys.org/news/2025-11-magnetic-component-faraday-effect-centuries.html,2025-11-24 02:19:09,hacker_news
Show HN: I wrote a minimal memory allocator in C,46,4,https://github.com/t9nzin/memory,2025-11-24 02:19:09,hacker_news
µcad: New open source programming language that can generate 2D sketches and 3D,71,22,https://microcad.xyz/,2025-11-24 02:19:09,hacker_news
"Iowa City made its buses free. traffic cleared, and so did the air",179,190,https://www.nytimes.com/2025/11/18/climate/iowa-city-free-buses.html,2025-11-24 02:19:10,hacker_news
An Economy of AI Agents,91,61,https://arxiv.org/abs/2509.01063,2025-11-24 02:19:11,hacker_news
ISPs more likely to throttle netizens who connect through CG-NAT: Cloudflare,33,9,https://www.theregister.com/2025/11/03/cloudflare_cgnat_bias_research/,2025-11-24 02:19:11,hacker_news
X's new country-of-origin feature reveals many 'US' accounts to be foreign-run,305,170,https://www.hindustantimes.com/world-news/us-news/xs-new-country-of-origin-feature-shakes-maga-and-democrat-circles-as-many-us-accounts-revealed-to-be-foreignrun-101763857104296.html,2025-11-24 02:19:12,hacker_news
1M Downloads of Zorin OS 18,214,190,https://blog.zorin.com/2025/11/18/test-the-upgrade-from-zorin-os-17-to-18-and-celebrating-1-million-downloads-of-zorin-os-18/,2025-11-24 02:19:12,hacker_news
'Invisible' microplastics spread in skies as global pollutant,20,6,https://www.asahi.com/ajw/articles/16137995,2025-11-24 02:19:12,hacker_news
Several core problems with Rust,97,126,https://bykozy.me/blog/rust-is-a-disappointment/,2025-11-24 02:19:12,hacker_news
Doge 'doesn't exist' with eight months left on its charter,77,53,https://www.reuters.com/world/us/doge-doesnt-exist-with-eight-months-left-its-charter-2025-11-23/,2025-11-24 02:19:13,hacker_news
RuBee,111,8,https://computer.rip/2025-11-22-RuBee.html,2025-11-24 06:41:30,hacker_news
"Ask HN: Hearing aid wearers, what's hot?",119,46,https://news.ycombinator.com/item?id=46029699,2025-11-24 06:41:30,hacker_news
The Cloudflare outage was a good thing,84,54,https://gist.github.com/jbreckmckye/32587f2907e473dd06d68b0362fb0048,2025-11-24 06:41:31,hacker_news
Disney Lost Roger Rabbit,67,14,https://pluralistic.net/2025/11/18/im-not-bad/,2025-11-24 06:41:31,hacker_news
The Rust Performance Book (2020),69,5,https://nnethercote.github.io/perf-book/,2025-11-24 06:41:31,hacker_news
We stopped roadmap work for a week and fixed 189 bugs,121,84,https://lalitm.com/fixits-are-good-for-the-soul/,2025-11-24 06:41:31,hacker_news
Having Fun with Complex Numbers: A Real-Life Journey for Upper Elementary Studen,17,6,https://mathwonder.org/Having-Fun-with-Complex-Numbers/,2025-11-24 06:41:31,hacker_news
Japan's gamble to turn island of Hokkaido into global chip hub,25,23,https://www.bbc.com/news/articles/c8676qpxgnqo,2025-11-24 06:41:31,hacker_news
Passing the Torch – My Last Root DNSSEC KSK Ceremony as Crypto Officer 4,39,6,https://technotes.seastrom.com/2025/11/23/passing-the-torch.html,2025-11-24 06:41:31,hacker_news
A free tool that stuns LLMs with thousands of invisible Unicode characters,37,17,https://gibberifier.com,2025-11-24 06:41:32,hacker_news
"A Unified Theory of Ego, Empathy, and Humility at Work",31,1,https://matthogg.fyi/a-unified-theory-of-ego-empathy-and-humility-at-work/,2025-11-24 06:41:32,hacker_news
Band of Holes,19,2,https://en.wikipedia.org/wiki/Band_of_Holes,2025-11-24 06:41:32,hacker_news
"Iowa City made its buses free. Traffic cleared, and so did the air",317,369,https://www.nytimes.com/2025/11/18/climate/iowa-city-free-buses.html,2025-11-24 06:41:32,hacker_news
Particle Life,59,6,https://sandbox-science.com/particle-life,2025-11-24 06:41:33,hacker_news
Insurers retreat from AI cover as risk of multibillion-dollar claims mounts,37,3,https://www.ft.com/content/abfe9741-f438-4ed6-a673-075ec177dc62,2025-11-24 06:41:33,hacker_news
"NSA and IETF, part 3: Dodging the issues at hand",31,4,https://blog.cr.yp.to/20251123-dodging.html,2025-11-24 12:58:51,hacker_news
Shai-Hulud Returns: Over 300 NPM Packages Infected,282,223,https://helixguard.ai/blog/malicious-sha1hulud-2025-11-24,2025-11-24 12:58:51,hacker_news
General principles for the use of AI at CERN,32,16,https://home.web.cern.ch/news/official-news/knowledge-sharing/general-principles-use-ai-cern,2025-11-24 12:58:51,hacker_news
Slicing Is All You Need: Towards a Universal One-Sided Distributed MatMul,18,0,https://arxiv.org/abs/2510.08874,2025-11-24 12:58:51,hacker_news
We stopped roadmap work for a week and fixed bugs,69,183,https://lalitm.com/fixits-are-good-for-the-soul/,2025-11-24 12:58:52,hacker_news
Lambda Calculus – Animated Beta Reduction of Lambda Diagrams,55,5,https://cruzgodar.com/applets/lambda-calculus,2025-11-24 12:58:52,hacker_news
"Building the largest known Kubernetes cluster, with 130k nodes",31,18,https://cloud.google.com/blog/products/containers-kubernetes/how-we-built-a-130000-node-gke-cluster/,2025-11-24 12:58:52,hacker_news
Show HN: Stun LLMs with thousands of invisible Unicode characters,130,54,https://gibberifier.com,2025-11-24 12:58:53,hacker_news
"The Only GM EV1 Ever Publicly Sold, and Where It's Going Next",20,10,https://www.theautopian.com/how-the-only-gm-ev1-ever-sold-didnt-get-crushed-and-where-its-going-now/,2025-11-24 12:58:53,hacker_news
Set theory with types,71,13,https://lawrencecpaulson.github.io//2025/11/21/Typed_Set_Theory.html,2025-11-24 12:58:53,hacker_news
Bureau of Meteorology asked to examine $96.5M bill for website redesign,6,1,https://www.abc.net.au/news/2025-11-23/bureau-of-meteorology-new-website-cost-blowout-to-96-million/106042202,2025-11-24 12:58:53,hacker_news
The Cloudflare outage might be a good thing,171,129,https://gist.github.com/jbreckmckye/32587f2907e473dd06d68b0362fb0048,2025-11-24 12:58:53,hacker_news
"Ego, empathy, and humility at work",75,25,https://matthogg.fyi/a-unified-theory-of-ego-empathy-and-humility-at-work/,2025-11-24 12:58:54,hacker_news
Moss survived outside of the International Space Station for 9 months,48,11,https://www.livescience.com/space/scientists-put-moss-on-the-outside-of-the-international-space-station-for-9-months-then-kept-it-growing-back-on-earth,2025-11-24 12:58:54,hacker_news
Trade Chaos Causes Businesses to Rethink Their Relationship with the U.S.,4,1,https://www.nytimes.com/2025/11/24/business/tariffs-trade-small-business.html,2025-11-24 12:58:54,hacker_news
Hyperoptic: IPv6 and Out-of-Order Packets,55,8,https://blog.zakkemble.net/hyperoptic-ipv6-and-out-of-order-packets/,2025-11-24 12:58:55,hacker_news
Show HN: Cynthia – Reliably play MIDI music files – MIT / Portable / Windows,12,1,https://www.blaizenterprises.com/cynthia.html,2025-11-24 14:19:26,hacker_news
I built an faster Notion in Rust,51,28,https://imedadel.com/outcrop/,2025-11-24 14:19:26,hacker_news
Serflings is a remake of The Settlers 1,8,1,https://www.simpleguide.net/serflings.xhtml,2025-11-24 14:19:27,hacker_news
Bureau of Meteorology's new boss asked to examine $96M bill for website redesign,42,25,https://www.abc.net.au/news/2025-11-23/bureau-of-meteorology-new-website-cost-blowout-to-96-million/106042202,2025-11-24 14:19:28,hacker_news
"The only GM EV1 ever publicly sold, and where it's going next",32,26,https://www.theautopian.com/how-the-only-gm-ev1-ever-sold-didnt-get-crushed-and-where-its-going-now/,2025-11-24 14:19:28,hacker_news
New magnetic component discovered in the Faraday effect,165,54,https://phys.org/news/2025-11-magnetic-component-faraday-effect-centuries.html,2025-11-24 14:19:28,hacker_news
Fast Lua runtime written in Rust,3,2,https://astra.arkforge.net/,2025-11-24 14:27:09,hacker_news
Chrome Jpegxl Issue Reopened,4,1,https://issues.chromium.org/issues/40168998,2025-11-24 14:27:11,hacker_news
US 'Homeland Security' Twitter account seemingly run from Israel,5,0,https://www.thecanary.co/trending/2025/11/23/twitter-location-data/,2025-11-24 14:29:51,hacker_news
Show HN: Virtual SLURM HPC cluster in a Docker Compose,10,2,https://github.com/exactlab/vhpc,2025-11-24 15:17:00,hacker_news
"Booking.com cancels $4K hotel reservation, offers same rooms again for $17K",20,7,https://www.cbc.ca/news/gopublic/go-public-booking-com-hotel-rates-9.6985480,2025-11-24 15:17:01,hacker_news
"I put a real search engine into a Lambda, so you only pay when you search",12,2,https://nixiesearch.substack.com/p/i-put-a-real-search-engine-into-a,2025-11-24 15:34:10,hacker_news
France threatens GrapheneOS with arrests / server seizure for refusing backdoors,411,124,https://mamot.fr/@LaQuadrature/115581775965025042,2025-11-24 18:40:46,hacker_news
"SHA1-Hulud the Second Comming – Postman, Zapier, PostHog All Compromised via NPM",270,88,https://www.aikido.dev/blog/shai-hulud-strikes-again-hitting-zapier-ensdomains,2025-11-24 18:40:46,hacker_news
Cool-retro-term: terminal emulator which mimics look and feel of the old CRTs,20,3,https://github.com/Swordfish90/cool-retro-term,2025-11-24 18:40:46,hacker_news
We're (now) moving from OpenBSD to FreeBSD for firewalls,35,6,https://utcc.utoronto.ca/~cks/space/blog/sysadmin/OpenBSDToFreeBSDMove,2025-11-24 18:40:46,hacker_news
Inside Rust's std and parking_lot mutexes – who wins?,74,12,https://blog.cuongle.dev/p/inside-rusts-std-and-parking-lot-mutexes-who-win,2025-11-24 18:40:46,hacker_news
"Launch HN: Karumi (YC F25) – Personalized, agentic product demos",2,0,https://www.karumi.ai/meet/start/phlz,2025-11-24 18:40:46,hacker_news
"Corvus Robotics (YC S18): Hiring Head of Mfg/Ops, Next Door to YC Mountain View",1,0,https://news.ycombinator.com/item?id=46036222,2025-11-24 18:40:46,hacker_news
Andrej Karpathy on X: implications of AI to schools,25,6,https://twitter.com/karpathy/status/1993010584175141038,2025-11-24 18:40:47,hacker_news
Historically Accurate Airport Dioramas by AV Pro Designs,22,3,https://www.core77.com/posts/138995/Historically-Accurate-Airport-Dioramas-by-AV-Pro-Designs,2025-11-24 18:40:47,hacker_news
A New Raspberry Pi Imager,26,8,https://www.raspberrypi.com/news/a-new-raspberry-pi-imager/,2025-11-24 18:40:47,hacker_news
I built a faster Notion in Rust,128,69,https://imedadel.com/outcrop/,2025-11-24 18:40:48,hacker_news
Pebble Watch software is now 100% open source,692,113,https://ericmigi.com/blog/pebble-watch-software-is-now-100percent-open-source,2025-11-25 02:06:33,hacker_news
Claude Advanced Tool Use,342,135,https://www.anthropic.com/engineering/advanced-tool-use,2025-11-25 02:06:33,hacker_news
Unpowered SSDs slowly lose data,186,85,https://www.xda-developers.com/your-unpowered-ssd-is-slowly-losing-your-data/,2025-11-25 02:06:33,hacker_news
Three Years from GPT-3 to Gemini 3,191,116,https://www.oneusefulthing.org/p/three-years-from-gpt-3-to-gemini,2025-11-25 02:06:34,hacker_news
Claude Opus 4.5,760,347,https://www.anthropic.com/news/claude-opus-4-5,2025-11-25 02:06:34,hacker_news
Show HN: I built an interactive HN Simulator,163,88,https://news.ysimulator.run/news,2025-11-25 02:06:34,hacker_news
Moving from OpenBSD to FreeBSD for firewalls,144,72,https://utcc.utoronto.ca/~cks/space/blog/sysadmin/OpenBSDToFreeBSDMove,2025-11-25 02:06:34,hacker_news
Random lasers from peanut kernel doped with birch leaf–derived carbon dots,16,3,https://www.degruyterbrill.com/document/doi/10.1515/nanoph-2025-0312/html,2025-11-25 02:06:34,hacker_news
The Bitter Lesson of LLM Extensions,83,45,https://www.sawyerhood.com/blog/llm-extension,2025-11-25 02:06:34,hacker_news
Build a Compiler in Five Projects,14,0,https://kmicinski.com/functional-programming/2025/11/23/build-a-language/,2025-11-25 02:06:34,hacker_news
Show HN: OCR Arena – A playground for OCR models,60,21,https://www.ocrarena.ai/battle,2025-11-25 02:06:34,hacker_news
What OpenAI did when ChatGPT users lost touch with reality,106,112,https://www.nytimes.com/2025/11/23/technology/openai-chatgpt-users-risks.html,2025-11-25 02:06:35,hacker_news
PS5 now costs less than 64GB of DDR5 memory. RAM jumps to $600 due to shortage,278,165,https://www.tomshardware.com/pc-components/ddr5/64gb-of-ddr5-memory-now-costs-more-than-an-entire-ps5-even-after-a-discount-trident-z5-neo-kit-jumps-to-usd600-due-to-dram-shortage-and-its-expected-to-get-worse-into-2026,2025-11-25 02:06:35,hacker_news
How sea turtles learn locations using Earth’s magnetic field: research,12,1,https://uncnews.unc.edu/2025/02/13/sea-turtles-secret-gps-researchers-uncover-how-sea-turtles-learn-locations-using-earths-magnetic-field/,2025-11-25 02:06:35,hacker_news
Google's new 'Aluminium OS' project brings Android to PC,54,54,https://www.androidauthority.com/aluminium-os-android-for-pcs-3619092/,2025-11-25 02:06:35,hacker_news
A Major City of the Kazakh Steppe? Investigating Semiyarka's Bronze Age Legacy,3,0,https://www.cambridge.org/core/journals/antiquity/article/major-city-of-the-kazakh-steppe-investigating-semiyarkas-bronze-age-legacy/7D20FEEC9B8F7BC60721BF7CA401B788,2025-11-25 02:06:35,hacker_news
Neopets.com changed my life (2019),59,43,https://annastreetman.com/2019/05/19/how-neopets-com-changed-my-life/,2025-11-25 02:06:35,hacker_news
"Bytes before FLOPS: your algorithm is (mostly) fine, your data isn't",40,8,https://www.bitsdraumar.is/bytes-before-flops/,2025-11-25 02:06:35,hacker_news
Fifty Shades of OOP,49,8,https://lesleylai.info/en/fifty_shades_of_oop/,2025-11-25 02:06:36,hacker_news
Everything you need to know about hard drive vibration (2016),23,6,https://www.ept.ca/features/everything-need-know-hard-drive-vibration/,2025-11-25 02:06:36,hacker_news
"TSMC Arizona outage saw fab halt, Apple wafers scrapped",174,67,https://www.culpium.com/p/tsmc-arizona-outage-saw-fab-halt,2025-11-25 02:06:36,hacker_news
Mind-reading devices can now predict preconscious thoughts,122,81,https://www.nature.com/articles/d41586-025-03714-0,2025-11-25 02:06:36,hacker_news
Building the largest known Kubernetes cluster,103,65,https://cloud.google.com/blog/products/containers-kubernetes/how-we-built-a-130000-node-gke-cluster/,2025-11-25 02:06:36,hacker_news
You can see a working Quantum Computer in IBM's London office,38,8,https://www.ianvisits.co.uk/articles/you-can-see-a-working-quantum-computer-in-ibms-london-office-85464/,2025-11-25 02:06:36,hacker_news
"Launch HN: Karumi (YC F25) – Personalized, agentic product demos",30,11,http://karumi.ai/,2025-11-25 02:06:36,hacker_news
The history of Indian science fiction,96,6,https://altermag.com/articles/the-secret-history-of-indian-science-fiction,2025-11-25 02:06:37,hacker_news
Human brains are preconfigured with instructions for understanding the world,3,0,https://news.ucsc.edu/2025/11/sharf-preconfigured-brain/,2025-11-25 06:42:47,hacker_news
"Windows GUI – Good, Bad and Pretty Ugly (2023)",8,1,https://creolened.com/windows-gui-good-bad-and-pretty-ugly-ranked/,2025-11-25 06:42:47,hacker_news
A million ways to die from a data race in Go,32,11,https://gaultier.github.io/blog/a_million_ways_to_data_race_in_go.html,2025-11-25 06:42:47,hacker_news
Cool-retro-term: terminal emulator which mimics look and feel of CRTs,207,80,https://github.com/Swordfish90/cool-retro-term,2025-11-25 06:42:47,hacker_news
How did the Windows 95 user interface code get to the Windows NT code base?,50,12,https://devblogs.microsoft.com/oldnewthing/20251028-00/?p=111733,2025-11-25 06:42:48,hacker_news
Implications of AI to schools,168,170,https://twitter.com/karpathy/status/1993010584175141038,2025-11-25 06:42:48,hacker_news
Migrating to Bazel symbolic macros,10,0,https://www.tweag.io/blog/2025-11-20-migrating-bazel-symbolic-macros/,2025-11-25 06:42:48,hacker_news
Show HN: Datamorph – A clean JSON ⇄ CSV converter with auto-detect,4,1,https://datamorphio.vercel.app,2025-11-25 06:42:49,hacker_news
Using Antigravity for Statistical Physics in JavaScript,12,9,https://christopherkrapu.com/blog/2025/antigravity-stat-mech/,2025-11-25 06:42:49,hacker_news
Pebble Watch software is now open source,1041,194,https://ericmigi.com/blog/pebble-watch-software-is-now-100percent-open-source,2025-11-25 12:58:18,hacker_news
Most Stable Raspberry Pi? 81% Better NTP with Thermal Management,159,49,https://austinsnerdythings.com/2025/11/24/worlds-most-stable-raspberry-pi-81-better-ntp-with-thermal-management/,2025-11-25 12:58:18,hacker_news
Meta Segment Anything Model 3,21,2,https://ai.meta.com/blog/segment-anything-model-3/?_fb_noscript=1,2025-11-25 12:58:18,hacker_news
"Broccoli Man, Remastered",24,3,https://mbleigh.dev/posts/broccoli-man-remastered/,2025-11-25 12:58:19,hacker_news
Using an Array of Needles to Create Solid Knitted Shapes,25,3,https://dl.acm.org/doi/10.1145/3746059.3747759,2025-11-25 12:58:19,hacker_news
How the Atomic Tests Looked Like from Los Angeles,65,37,https://www.amusingplanet.com/2016/09/how-atomic-tests-looked-like-from-los.html,2025-11-25 12:58:19,hacker_news
Dumb Ways to Die: Printed Ephemera,20,13,https://ilovetypography.com/2025/11/19/dumb-ways-to-die-printed-ephemera/,2025-11-25 12:58:20,hacker_news
"Rethinking C++: Architecture, Concepts, and Responsibility",31,19,https://blogs.embarcadero.com/rethinking-c-architecture-concepts-and-responsibility/,2025-11-25 12:58:20,hacker_news
How did the Win 95 user interface code get brought to the Windows NT code base?,108,61,https://devblogs.microsoft.com/oldnewthing/20251028-00/?p=111733,2025-11-25 12:58:20,hacker_news
AI has a deep understanding of how this code works,145,49,https://github.com/ocaml/ocaml/pull/14369,2025-11-25 12:58:21,hacker_news
"Show HN: We built an open source, zero webhooks payment processor",73,55,https://github.com/flowglad/flowglad,2025-11-25 18:41:09,hacker_news
Google Antigravity Exfiltrates Data,21,2,https://www.promptarmor.com/resources/google-antigravity-exfiltrates-data,2025-11-25 18:41:09,hacker_news
FLUX.2: Frontier Visual Intelligence,108,38,https://bfl.ai/blog/flux-2,2025-11-25 18:41:09,hacker_news
Launch HN: Onyx (YC W24) – Open-source chat UI,97,87,https://news.ycombinator.com/item?id=46045987,2025-11-25 18:41:09,hacker_news
The 101 of analog signal filtering (2024),51,2,https://lcamtuf.substack.com/p/the-101-of-analog-signal-filtering,2025-11-25 18:41:09,hacker_news
It is ok to say CSS variables instead of custom properties,35,14,https://blog.kizu.dev/css-variables/,2025-11-25 18:41:09,hacker_news
Making Crash Bandicoot (2011),145,10,https://all-things-andy-gavin.com/video-games/making-crash/,2025-11-25 18:41:10,hacker_news
Trillions spent and big software projects are still failing,98,84,https://spectrum.ieee.org/it-management-software-failures,2025-11-25 18:41:10,hacker_news
"Ozempic does not slow Alzheimer's, study finds",50,36,https://www.semafor.com/article/11/25/2025/ozempic-does-not-slow-alzheimers-study-finds,2025-11-25 18:41:10,hacker_news
Python is not a great language for data science,35,28,https://blog.genesmindsmachines.com/p/python-is-not-a-great-language-for,2025-11-25 18:41:10,hacker_news
how to repurpose your old phone into a web server,11,0,https://far.computer/how-to/,2025-11-25 18:41:10,hacker_news
Most Stable Raspberry Pi? Better NTP with Thermal Management,245,76,https://austinsnerdythings.com/2025/11/24/worlds-most-stable-raspberry-pi-81-better-ntp-with-thermal-management/,2025-11-25 18:41:10,hacker_news
LPLB: An early research stage MoE load balancer based on linear programming,10,0,https://github.com/deepseek-ai/LPLB,2025-11-25 18:41:10,hacker_news
Roblox is a problem but it's a symptom of something worse,85,120,https://www.platformer.news/roblox-ceo-interview-backlash-analysis/,2025-11-25 18:41:11,hacker_news
Jakarta is now the biggest city in the world,33,7,https://www.axios.com/2025/11/24/jakarta-tokyo-worlds-biggest-city-population,2025-11-25 18:41:11,hacker_news
Nearby peer discovery without GPS using environmental fingerprints,52,17,https://www.svendewaerhert.com/blog/nearby-peer-discovery/,2025-11-25 18:41:11,hacker_news
Brain has five 'eras' with adult mode not starting until early 30s,199,180,https://www.theguardian.com/science/2025/nov/25/brain-human-cognitive-development-life-stages-cambridge-study,2025-11-25 18:41:11,hacker_news
APT Rust requirement raises questions,208,357,https://lwn.net/SubscriberLink/1046841/5bbf1fc049a18947/,2025-11-25 18:41:11,hacker_news
PRC elites voice AI-skepticism,80,12,https://jamestown.org/prc-elites-voice-ai-skepticism/,2025-11-25 18:41:11,hacker_news
Orion 1.0,175,103,https://blog.kagi.com/orion,2025-11-25 18:41:11,hacker_news
"Hollywood's vision of ancient Rome is all wrong, according to Mary Beard",50,51,https://www.openculture.com/2025/11/why-your-vision-of-ancient-rome-is-all-wrong-according-to-historian-mary-beard.html,2025-11-25 18:41:11,hacker_news
Reinventing how .NET builds and ships (again),84,32,https://devblogs.microsoft.com/dotnet/reinventing-how-dotnet-builds-and-ships-again/,2025-11-26 02:07:14,hacker_news
A new bridge links the math of infinity to computer science,122,29,https://www.quantamagazine.org/a-new-bridge-links-the-strange-math-of-infinity-to-computer-science-20251121/,2025-11-26 02:07:14,hacker_news
Unifying our mobile and desktop domains,100,20,https://techblog.wikimedia.org/2025/11/21/unifying-mobile-and-desktop-domains/,2025-11-26 02:07:14,hacker_news
What they don't tell you about maintaining an open source project,68,48,https://andrej.sh/blog/maintaining-open-source-project/,2025-11-26 02:07:14,hacker_news
"A DOOM vector engine for rendering in KiCad, and over an audio jack",63,6,https://www.mikeayles.com/#kidoom,2025-11-26 02:07:14,hacker_news
Google Antigravity exfiltrates data via indirect prompt injection attack,562,150,https://www.promptarmor.com/resources/google-antigravity-exfiltrates-data,2025-11-26 02:07:14,hacker_news
LLVM Adds Constant-Time Support for Protecting Cryptographic Code,23,6,https://blog.trailofbits.com/2025/11/25/constant-time-support-lands-in-llvm-protecting-cryptographic-code-at-the-compiler-level/,2025-11-26 02:07:14,hacker_news
How to repurpose your old phone into a web server,174,72,https://far.computer/how-to/,2025-11-26 02:07:14,hacker_news
The Definitive Classic Mac Pro (2006-2012) Upgrade Guide,7,1,https://blog.greggant.com/posts/2018/05/07/definitive-mac-pro-upgrade-guide.html,2025-11-26 02:07:15,hacker_news
"Ironwood, our latest TPU",24,4,https://blog.google/products/google-cloud/ironwood-google-tpu-things-to-know/,2025-11-26 02:07:15,hacker_news
Ilya Sutskever: We're moving from the age of scaling to the age of research,191,162,https://www.dwarkesh.com/p/ilya-sutskever-2,2025-11-26 02:07:15,hacker_news
The Generative Burrito Test,80,40,https://www.generativist.com/notes/2025/Nov/25/generative-burrito-test.html,2025-11-26 02:07:15,hacker_news
Notes on the Troubleshooting and Repair of Computer and Video Monitors,17,2,https://www.repairfaq.org/sam/monfaq.htm,2025-11-26 02:07:15,hacker_news
Constant-time support coming to LLVM: Protecting cryptographic code,44,16,https://blog.trailofbits.com/2025/11/25/constant-time-support-coming-to-llvm-protecting-cryptographic-code-at-the-compiler-level/,2025-11-26 02:07:15,hacker_news
"1,700-year-old Roman sarcophagus is unearthed in Budapest",20,9,https://apnews.com/article/hungary-roman-sarcophagus-discovery-budapest-77a41fe190bbcc167b43d05141536f54,2025-11-26 02:07:16,hacker_news
CS234: Reinforcement Learning Winter 2025,5,0,https://web.stanford.edu/class/cs234/,2025-11-26 02:07:16,hacker_news
The gruesome new data on tech jobs,39,31,https://www.businessinsider.com/gruesome-tech-jobs-data-scientists-analytics-indeed-2025-11,2025-11-26 02:07:16,hacker_news
Brand New Layouts with CSS Subgrid,4,1,https://www.joshwcomeau.com/css/subgrid/,2025-11-26 02:07:16,hacker_news
What Now? Handling Errors in Large Systems,6,0,https://brooker.co.za/blog/2025/11/20/what-now,2025-11-26 02:07:16,hacker_news
Inflatable Space Stations,65,26,https://worksinprogress.co/issue/inflatable-space-stations/,2025-11-26 02:07:16,hacker_news
Unison 1.0,206,67,https://www.unison-lang.org/unison-1-0/,2025-11-26 02:07:16,hacker_news
Someone at YouTube Needs Glasses: The Prophecy Has Been Fulfilled,307,214,https://jayd.ml/2025/11/10/someone-at-youtube-needs-glasses-prophecy-fulfilled.html,2025-11-26 02:07:16,hacker_news
Show HN: KiDoom – Running DOOM on PCB Traces,169,19,https://www.mikeayles.com/#kidoom,2025-11-26 06:42:02,hacker_news
"Surprisingly, Emacs on Android is pretty good",82,23,https://kristofferbalintona.me/posts/202505291438/,2025-11-26 06:42:03,hacker_news
Space Truckin' – The Nostromo (2012),56,15,https://alienseries.wordpress.com/2012/10/23/space-truckin-the-nostromo/,2025-11-26 06:42:03,hacker_news
Java Decompiler,37,9,http://java-decompiler.github.io,2025-11-26 06:42:03,hacker_news
New layouts with CSS Subgrid,141,31,https://www.joshwcomeau.com/css/subgrid/,2025-11-26 06:42:03,hacker_news
First Air-Breathing Spacecraft,8,6,https://rdw.com/newsroom/redwire-awarded-44-million-darpa-contract-to-advance-very-low-earth-orbit-mission/,2025-11-26 06:42:03,hacker_news
The Bughouse Effect,25,5,https://tsvibt.blogspot.com/2025/11/the-bughouse-effect.html,2025-11-26 06:42:04,hacker_news
Marble Springs (1993),19,0,https://www.eastgate.com/MS/Title_184.html,2025-11-26 06:42:05,hacker_news
"BebboSSH: SSH2 implementation for Amiga systems (68000, GPLv3)",19,2,https://franke.ms/git/bebbo/bebbossh,2025-11-26 06:42:05,hacker_news
The fall of Labubus and the mush of modern internet trends,74,90,https://www.michigandaily.com/arts/digital-culture/the-fall-of-labubus-and-the-mush-of-modern-internet-trends/,2025-11-26 06:42:05,hacker_news
Show HN: A WordPress plugin that rewrites image URLs for near-zero-cost delivery,45,27,https://wordpress.org/plugins/bandwidth-saver/,2025-11-26 06:42:05,hacker_news
Space: 1999 – Special Effects Techniques,29,5,https://catacombs.space1999.net/main/pguide/upsfx.html,2025-11-26 06:42:06,hacker_news
Statistical Process Control in Python,72,14,https://timothyfraser.com/sigma/statistical-process-control-in-python.html,2025-11-26 12:59:40,hacker_news
Is DWPD Still a Useful SSD Spec?,4,0,https://klarasystems.com/articles/is-dwpd-still-useful-ssd-spec/,2025-11-26 12:59:41,hacker_news
Image Diffusion Models Exhibit Emergent Temporal Propagation in Videos,41,7,https://arxiv.org/abs/2511.19936,2025-11-26 12:59:41,hacker_news
A Cell So Minimal That It Challenges Definitions of Life,6,0,https://www.quantamagazine.org/a-cell-so-minimal-that-it-challenges-definitions-of-life-20251124/,2025-11-26 12:59:41,hacker_news
Cekura (YC F24) Is Hiring,1,0,https://www.ycombinator.com/companies/cekura-ai/jobs/0ZGLW69-forward-deployed-engineer-us,2025-11-26 12:59:41,hacker_news
"Copyparty, the FOSS file server [video]",103,19,https://www.youtube.com/watch?v=15_-hgsX2V0,2025-11-26 12:59:41,hacker_news
Efficient solar cooking that stores heat in sand,15,8,https://www.sciencedirect.com/science/article/pii/S266711312500035X,2025-11-26 12:59:42,hacker_news
Downsampling: Largest-Triangle-Three-Buckets and the Fourier Transform,12,3,https://daniel.mitterdorfer.name/posts/2024-01-30-downsampling-lttb-and-fft/,2025-11-26 12:59:42,hacker_news
Await Is Not a Context Switch: Understanding Python's Coroutines vs. Tasks,72,48,https://mergify.com/blog/await-is-not-a-context-switch-understanding-python-s-coroutines-vs-tasks,2025-11-26 12:59:43,hacker_news
Pitch Multiplication (2017),12,0,https://klangnewmusic.weebly.com/direct-sound/pitch-multiplication,2025-11-26 12:59:44,hacker_news
Voyager 1 Is About to Reach One Light-Day from Earth,396,131,https://scienceclock.com/voyager-1-is-about-to-reach-one-light-day-from-earth/,2025-11-26 18:36:06,hacker_news
"Scaleway turns Mac minis into high‑density, Raspberry Pi–managed servers",39,32,https://www.scaleway.com/en/blog/how-we-turn-apples-mac-mini-into-high-performance-dedicated-servers/,2025-11-26 18:36:06,hacker_news
From blood sugar to brain relief: GLP-1 therapy slashes migraine frequency,28,18,https://www.medlink.com/news/from-blood-sugar-to-brain-relief-glp-1-therapy-slashes-migraine-frequency,2025-11-26 18:36:06,hacker_news
A Fast 64-Bit Date Algorithm (30–40% faster by counting dates backwards),40,6,https://www.benjoffe.com/fast-date-64,2025-11-26 18:36:06,hacker_news
A cell so minimal that it challenges definitions of life,169,77,https://www.quantamagazine.org/a-cell-so-minimal-that-it-challenges-definitions-of-life-20251124/,2025-11-26 18:36:06,hacker_news
Investors expect AI use to soar. That's not happening,16,8,https://www.economist.com/finance-and-economics/2025/11/26/investors-expect-ai-use-to-soar-thats-not-happening,2025-11-26 18:36:07,hacker_news
OpenAI needs to raise at least $207B by 2030,405,332,https://ft.com/content/23e54a28-6f63-4533-ab96-3756d9c88bad,2025-11-26 18:36:07,hacker_news
Show HN: I turned algae into a bio-altimeter and put it on a weather balloon,39,3,https://radi8.dev/blog/stratospore/,2025-11-26 18:36:07,hacker_news
"Optery (YC W22) Hiring CISO, Release Manager, Tech Lead (Node), Full Stack Eng",1,0,https://www.optery.com/careers/,2025-11-26 18:36:07,hacker_news
"JOPA: Java compiler in C++, Jikes modernized to Java 6 with Claude",25,21,https://github.com/7mind/jopa,2025-11-26 18:36:08,hacker_news
"DRAM prices are spiking, but I don't trust the industry's why",40,9,https://www.xda-developers.com/dram-prices-spiking-dont-trust-industry-reasons/,2025-11-26 18:36:08,hacker_news
Qiskit open-source SDK for working with quantum computers,26,1,https://github.com/Qiskit/qiskit,2025-11-26 18:36:08,hacker_news
Cloudflare outage should not have happened,92,111,https://ebellani.github.io/blog/2025/cloudflare-outage-should-not-have-happened-and-they-seem-to-be-missing-the-point-on-how-to-avoid-it-in-the-future/,2025-11-26 18:36:09,hacker_news
Slop Detective – Fight the Slop Syndicate,25,4,https://slopdetective.kagi.com/,2025-11-26 18:36:09,hacker_news
I DM'd a Korean presidential candidate and ended up building his core campaign,125,66,https://medium.com/@wjsdj2008/i-dmd-a-korean-presidential-candidate-and-ended-up-building-his-core-campaign-platform-the-38eb1c5f5e7d,2025-11-26 18:36:10,hacker_news
Bring Bathroom Doors Back to Hotels,332,238,https://bringbackdoors.com/,2025-11-27 02:04:32,hacker_news
"Ilya Sutskever, Yann LeCun and the End of “Just Add GPUs”",60,41,https://www.abzglobal.net/web-development-blog/ilya-sutskever-yann-lecun-and-the-end-of-just-add-gpus,2025-11-27 02:04:32,hacker_news
Voyager 1 is about to reach one light-day from Earth,776,277,https://scienceclock.com/voyager-1-is-about-to-reach-one-light-day-from-earth/,2025-11-27 02:04:32,hacker_news
Running Unsupported iOS on Deprecated Devices,67,16,https://nyansatan.github.io/run-unsupported-ios/,2025-11-27 02:04:32,hacker_news
Migrating the Main Zig Repository from GitHub to Codeberg,13,2,https://ziglang.org/news/migrating-from-github-to-codeberg/,2025-11-27 02:04:32,hacker_news
S&box is now an open source game engine,223,69,https://sbox.game/news/update-25-11-26,2025-11-27 02:04:32,hacker_news
Gemini CLI Tips and Tricks for Agentic Coding,190,63,https://github.com/addyosmani/gemini-cli-tips,2025-11-27 02:04:33,hacker_news
"The EU made Apple adopt new Wi-Fi standards, and now Android can support AirDrop",266,123,https://arstechnica.com/gadgets/2025/11/the-eu-made-apple-adopt-new-wi-fi-standards-and-now-android-can-support-airdrop/,2025-11-27 02:04:33,hacker_news
Fara-7B: An efficient agentic model for computer use,60,20,https://github.com/microsoft/fara,2025-11-27 02:04:33,hacker_news
A woman on a mission to photograph every species of hummingbird,94,20,https://www.audubon.org/magazine/meet-woman-mission-photograph-every-species-of-hummingbird-world,2025-11-27 02:04:33,hacker_news
Comic Code Reviews,3,1,https://www.jona.ca/2025/11/comic-code-reviews.html,2025-11-27 02:04:33,hacker_news
How Does Microwaving Grapes Create Plumes of Plasma?,20,5,https://www.pbs.org/wgbh/nova/article/how-does-microwaving-grapes-create-plumes-plasma/,2025-11-27 02:04:33,hacker_news
The Tesla Model Y Just Scored the Worst Reliability Rating in a Decade,14,4,https://www.autoblog.com/news/the-bestselling-tesla-model-y-just-scored-the-worst-reliability-rating-in-a-decade,2025-11-27 02:04:33,hacker_news
Compressed filesystems à la language models,35,5,https://grohan.co/2025/11/25/llmfuse/,2025-11-27 02:04:33,hacker_news
Alan.app – Add a Border to macOS Active Window,81,51,https://tyler.io/2025/11/alan/,2025-11-27 02:04:34,hacker_news
Show HN: Safe-NPM – only install packages that are +90 days old,45,29,https://github.com/kevinslin/safe-npm,2025-11-27 02:04:35,hacker_news
Don't Download Apps,249,135,https://blog.calebjay.com/posts/dont-download-apps/,2025-11-27 02:04:35,hacker_news
Show HN: Yolodex – real-time customer enrichment API,27,10,https://api.yolodex.ai,2025-11-27 02:04:35,hacker_news
"A lightweight code editor with Vim mode, Git integration, and more",4,3,https://athas.dev,2025-11-27 02:04:35,hacker_news
"AdBlock and Signal are for terrorists, according to French govt (2023) [video]",19,4,https://www.youtube.com/watch?v=1q1hjmwLqe4,2025-11-27 02:04:36,hacker_news
The Weird and Wonderful Chemistry of Audioactive Decay (1986) [pdf],16,3,https://static01.nyt.com/packages/pdf/crossword/GENIUS_AT_PLAY_Eureka_Article.pdf,2025-11-27 02:04:36,hacker_news
Migrating the main Zig repository from GitHub to Codeberg,406,288,https://ziglang.org/news/migrating-from-github-to-codeberg/,2025-11-27 06:42:19,hacker_news
Penpot: The Open-Source Figma,139,15,https://github.com/penpot/penpot,2025-11-27 06:42:19,hacker_news
DIY NAS: 2026 Edition,97,36,https://blog.briancmoses.com/2025/11/diy-nas-2026-edition.html,2025-11-27 06:42:20,hacker_news
Willis Whitfield: A simple man with a simple solution that changed the world,20,0,https://www.sandia.gov/labnews/2024/04/04/willis-whitfield-a-simple-man-with-a-simple-solution-that-changed-the-world/,2025-11-27 06:42:20,hacker_news
Coq: The World's Best Macro Assembler? [pdf] [2013],30,16,https://nickbenton.name/coqasm.pdf,2025-11-27 06:42:20,hacker_news
Functional Data Structures and Algorithms: a Proof Assistant Approach,27,3,https://fdsa-book.net/,2025-11-27 06:42:20,hacker_news
"Music eases surgery and speeds recovery, study finds",10,0,https://www.bbc.com/news/articles/c231dv9zpz3o,2025-11-27 06:42:20,hacker_news
C100 Developer Terminal,56,58,https://caligra.com/,2025-11-27 06:42:20,hacker_news
DSP 101 Part 1: An Introductory Course in DSP System Design,30,1,https://www.analog.com/en/resources/analog-dialogue/articles/dsp-101-part-1.html,2025-11-27 06:42:21,hacker_news
Bring bathroom doors back to hotels,571,444,https://bringbackdoors.com/,2025-11-27 06:42:21,hacker_news
Show HN: Era – Open-source local sandbox for AI agents,4,0,https://github.com/BinSquare/ERA,2025-11-27 06:42:21,hacker_news
Making my 1970's-style renderer multi-threaded,16,3,https://filiph.net/text/making-my-1970s-renderer-multi-threaded.html,2025-11-27 06:42:21,hacker_news
Ruby Was Ready from the Start,37,7,https://obie.medium.com/ruby-was-ready-from-the-start-4b089b17babb,2025-11-27 06:42:21,hacker_news
Bonsai_term: A library for building dynamic terminal apps by Jane Street,18,5,https://github.com/janestreet/bonsai_term,2025-11-27 06:42:21,hacker_news
Show HN: MakeSkill – The Intelligent Skill Builder for Claude,4,0,https://makeskill.cc,2025-11-27 06:42:22,hacker_news
How Arthur Conan Doyle Explored Men's Mental Health Through Sherlock Holmes,48,17,https://scienceclock.com/arthur-conan-doyle-delved-into-mens-mental-health-through-his-sherlock-holmes-stories/,2025-11-27 12:58:08,hacker_news
Linux Kernel Explorer,244,34,https://reverser.dev/linux-kernel-explorer,2025-11-27 12:58:09,hacker_news
Ray Marching Soft Shadows in 2D,94,13,https://www.rykap.com/2020/09/23/distance-fields/,2025-11-27 12:58:09,hacker_news
Interactive λ-Reduction,48,15,https://deltanets.org/,2025-11-27 12:58:09,hacker_news
"G0-G3 corners, visualised: learn what Apple corners are",60,36,https://www.printables.com/model/1490911-g0-g3-corners-visualised-learn-what-apple-corners,2025-11-27 12:58:09,hacker_news
Why (Senior) Engineers Struggle to Build AI Agents,3,0,https://www.philschmid.de/why-engineers-struggle-building-agents,2025-11-27 12:58:09,hacker_news
Technical Deflation,9,3,https://benanderson.work/blog/technical-deflation/,2025-11-27 12:58:09,hacker_news
Closest Harmonic Number to an Integer,12,0,https://www.johndcook.com/blog/2025/11/19/closest-harmonic-number-to-an-integer/,2025-11-27 12:58:09,hacker_news
C64 Burrow.BAS,4,0,https://basic-code.bearblog.dev/c64-burrow/,2025-11-27 12:58:09,hacker_news
How/why to sweep async tasks under a Postgres table,67,20,https://taylor.town/pg-task,2025-11-27 12:58:10,hacker_news
Last Issue of ECMAScript News,28,4,https://ecmascript.news/archive/es-next-news-2025-11-26.html,2025-11-27 12:58:10,hacker_news
Can you take an ox to Oxford?,20,30,https://alexwlchan.net/2025/ox-in-oxford/,2025-11-27 12:58:10,hacker_news
Same-day upstream Linux support for Snapdragon 8 Elite Gen 5,109,67,https://www.qualcomm.com/developer/blog/2025/10/same-day-snapdragon-8-elite-gen-5-upstream-linux-support,2025-11-27 18:37:41,hacker_news
The Input Stack on Linux: An End-to-End Architecture Overview,35,0,https://venam.net/blog/unix/2025/11/27/input_devices_linux.html,2025-11-27 18:37:41,hacker_news
Tell HN: Happy Thanksgiving,92,17,https://news.ycombinator.com/item?id=46065955,2025-11-27 18:37:42,hacker_news
Quake Engine Indicators,62,8,https://fabiensanglard.net/quake_indicators/index.html,2025-11-27 18:37:42,hacker_news
Arthur Conan Doyle explored men’s mental health through Sherlock Holmes,170,213,https://scienceclock.com/arthur-conan-doyle-delved-into-mens-mental-health-through-his-sherlock-holmes-stories/,2025-11-27 18:37:42,hacker_news
The VanDersarl Blériot: a 1911 airplane homebuilt by teenage brothers,15,2,https://www.historynet.com/vandersarl-bleriot/,2025-11-27 18:37:42,hacker_news
Abuse of the nullish coalescing operator in JS/TS,15,3,https://fredrikmalmo.com/blog/js-ts-nullish-empty-string-coalescing,2025-11-27 18:37:42,hacker_news
Show HN: Runprompt – run .prompt files from the command line,57,22,https://github.com/chr15m/runprompt,2025-11-27 18:37:42,hacker_news
Pakistan says rooftop solar output to exceed grid demand in some hubs next year,42,26,https://www.reuters.com/sustainability/boards-policy-regulation/pakistan-says-rooftop-solar-output-exceed-grid-demand-some-hubs-next-year-2025-11-22/,2025-11-27 18:37:42,hacker_news
Show HN: MkSlides – Markdown to slides with a similar workflow to MkDocs,42,6,https://github.com/MartenBE/mkslides,2025-11-27 18:37:43,hacker_news
The current state of the theory that GPL propagates to AI models,115,140,https://shujisado.org/2025/11/27/gpl-propagates-to-ai-models-trained-on-gpl-code/,2025-11-27 18:37:43,hacker_news
Mixpanel Security Breach,161,95,https://mixpanel.com/blog/sms-security-incident/,2025-11-27 18:37:43,hacker_news
Ray Marching Soft Shadows in 2D (2020),146,25,https://www.rykap.com/2020/09/23/distance-fields/,2025-11-27 18:37:43,hacker_news
Seagate achieves 6.9TB storage capacity per platter,31,23,https://www.tomshardware.com/pc-components/hdds/seagate-achieves-a-whopping-6-9tb-storage-capacity-per-platter-in-its-laboratory-55tb-to-69tb-hard-drives-now-physically-possible,2025-11-27 18:37:43,hacker_news
TPUs vs. GPUs and why Google is positioned to win AI race in the long term,81,111,https://www.uncoveralpha.com/p/the-chip-made-for-the-ai-inference,2025-11-27 18:37:43,hacker_news
We're losing our voice to LLMs,262,276,https://tonyalicea.dev/blog/were-losing-our-voice-to-llms/,2025-11-27 18:37:43,hacker_news
The Concrete Pontoons of Bristol,29,1,https://thecretefleet.com/blog/f/the-concrete-pontoons-of-bristol,2025-11-27 18:37:44,hacker_news
Show HN: SyncKit – Offline-first sync engine (Rust/WASM and TypeScript),37,13,https://github.com/Dancode-188/synckit,2025-11-27 18:37:44,hacker_news
Willis Whitfield: Creator of clean room technology still in use today (2024),134,50,https://www.sandia.gov/labnews/2024/04/04/willis-whitfield-a-simple-man-with-a-simple-solution-that-changed-the-world/,2025-11-27 18:37:44,hacker_news
Protect Public School Students from Surveillance of Off-Campus Speech,39,11,https://www.eff.org/deeplinks/2025/11/eff-arizona-federal-court-protect-public-school-students-surveillance-and,2025-11-27 18:37:44,hacker_news
Coq: The World's Best Macro Assembler? (2013) [pdf],116,48,https://nickbenton.name/coqasm.pdf,2025-11-27 18:37:45,hacker_news
How Charles M Schulz created Charlie Brown and Snoopy (2024),41,7,https://www.bbc.com/culture/article/20241205-how-charles-m-schulz-created-charlie-brown-and-snoopy,2025-11-28 02:04:03,hacker_news
250MWh 'Sand Battery' to start construction in Finland,127,55,https://www.energy-storage.news/250mwh-sand-battery-to-start-construction-in-finland-for-both-heating-and-ancillary-services/,2025-11-28 02:04:03,hacker_news
Vsora Jotunn-8 5nm European inference chip,31,8,https://vsora.com/products/jotunn-8/,2025-11-28 02:04:03,hacker_news
Physicists drive antihydrogen breakthrough at CERN,122,31,https://phys.org/news/2025-11-physicists-antihydrogen-breakthrough-cern-technique.html,2025-11-28 02:04:03,hacker_news
A programmer-friendly I/O abstraction over io_uring and kqueue (2022),33,6,https://tigerbeetle.com/blog/2022-11-23-a-friendly-abstraction-over-iouring-and-kqueue/,2025-11-28 02:04:03,hacker_news
Underrated reasons to be thankful V,128,58,https://dynomight.net/thanks-5/,2025-11-28 02:04:04,hacker_news
Memories of .us,116,32,https://computer.rip/2025-11-11-dot-us.html,2025-11-28 02:04:04,hacker_news
Feedback doesn't scale,109,29,https://another.rodeo/feedback/,2025-11-28 02:04:04,hacker_news
DeepSeekMath-V2: Towards Self-Verifiable Mathematical Reasoning [pdf],113,22,https://github.com/deepseek-ai/DeepSeek-Math-V2/blob/main/DeepSeekMath_V2.pdf,2025-11-28 02:04:04,hacker_news
"Bird flu viruses are resistant to fever, making them a major threat to humans",31,23,https://medicalxpress.com/news/2025-11-bird-flu-viruses-resistant-fever.html,2025-11-28 02:04:05,hacker_news
"Indie, Alone, and Figuring It Out",31,2,https://danijelavrzan.com/posts/2025/11/indie-dev/,2025-11-28 02:04:06,hacker_news
Why Strong Consistency?,80,55,https://brooker.co.za/blog/2025/11/18/consistency.html,2025-11-28 02:04:06,hacker_news
Maxduino Review: Tape Cassette Emulator for Multiple Retro Computers,5,0,https://retrogamecoders.com/maxduino-review/,2025-11-28 02:04:07,hacker_news
"LinkedIn is loud, and corporate is hell",172,105,https://ramones.dev/posts/linkedin-is-loud/,2025-11-28 02:04:07,hacker_news
"Inspired by Spider-Man, scientists recreate web-slinging technology",41,10,https://scienceclock.com/inspired-by-spider-man-scientists-recreate-web-slinging-technology/,2025-11-28 02:04:07,hacker_news
The VanDersarl Blériot: a 1911 airplane homebuilt by teenage brothers (2017),40,34,https://www.historynet.com/vandersarl-bleriot/,2025-11-28 02:04:08,hacker_news
Pocketbase – open-source realtime back end in 1 file,86,33,https://pocketbase.io/,2025-11-28 06:42:00,hacker_news
"TigerStyle: Coding philosophy focused on safety, performance, dev experience",24,12,https://tigerstyle.dev/,2025-11-28 06:42:00,hacker_news
China's BEV Trucks and the End of Diesel's Dominance,76,42,https://cleantechnica.com/2025/11/26/chinas-bev-trucks-and-the-end-of-diesels-dominance/,2025-11-28 06:42:00,hacker_news
"Migrating to Positron, a next-generation data science IDE for Python and R",12,4,https://posit.co/blog/positron-migration-guides,2025-11-28 06:42:01,hacker_news
"Installing Java in 2025, and Version Managers",9,2,https://blog.hakanserce.com/post/version_managers/,2025-11-28 06:42:01,hacker_news
GitLab discovers widespread NPM supply chain attack,101,41,https://about.gitlab.com/blog/gitlab-discovers-widespread-npm-supply-chain-attack/,2025-11-28 06:42:01,hacker_news
"Indie, alone, and figuring it out",60,10,https://danijelavrzan.com/posts/2025/11/indie-dev/,2025-11-28 06:42:01,hacker_news
Experimenting with Robin Hood Hashing,8,2,https://twdev.blog/2025/11/robin_hood/,2025-11-28 06:42:02,hacker_news
Implementing Bluetooth LE Audio and Auracast on Linux Systems,11,0,https://www.collabora.com/news-and-blog/blog/2025/11/24/implementing-bluetooth-le-audio-and-auracast-on-linux-systems/,2025-11-28 06:42:02,hacker_news
ML-KEM Mythbusting,20,3,https://keymaterial.net/2025/11/27/ml-kem-mythbusting/,2025-11-28 06:42:02,hacker_news
The mysterious black fungus from Chernobyl that may eat radiation,20,0,https://www.bbc.com/future/article/20251125-the-mysterious-black-fungus-from-chernobyl-that-appears-to-eat-radiation,2025-11-28 12:56:34,hacker_news
Show HN: Glasses to detect smart-glasses that have cameras,282,96,https://github.com/NullPxl/banrays,2025-11-28 12:56:34,hacker_news
EU Council Approves New Chat Control Mandate Pushing Mass Surveillance,279,140,https://reclaimthenet.org/eu-council-approves-new-chat-control-mandate-pushing-mass-surveillance,2025-11-28 12:56:34,hacker_news
A Tale of Four Fuzzers,16,0,https://tigerbeetle.com/blog/2025-11-28-tale-of-four-fuzzers/,2025-11-28 12:56:34,hacker_news
"Moss: a Rust Linux-compatible kernel in 26,000 lines of code",140,25,https://github.com/hexagonal-sun/moss,2025-11-28 12:56:35,hacker_news
A Repository with 44 Years of Unix Evolution,28,5,https://www.spinellis.gr/pubs/conf/2015-MSR-Unix-History/html/Spi15c.html,2025-11-28 12:56:35,hacker_news
How to make precise sheet metal parts (photochemical machining) [video],39,2,https://www.youtube.com/watch?v=bR9EN3kUlfg,2025-11-28 12:56:35,hacker_news
The three thousand year journey of colchicine,6,1,https://www.worksinprogress.news/p/the-three-thousand-year-journey-of,2025-11-28 12:56:35,hacker_news
Google denies 'misleading' reports of Gmail using your emails to train AI,43,31,https://www.theverge.com/news/826902/gmail-ai-training-data-opt-out,2025-11-28 12:56:35,hacker_news
Switzerland: Data Protection Officers Impose Broad Cloud Ban for Authorities,15,4,https://www.heise.de/en/news/Switzerland-Data-Protection-Officers-Impose-Broad-Cloud-Ban-for-Authorities-11093477.html,2025-11-28 12:56:35,hacker_news
How to use Linux vsock for fast VM communication,43,11,https://popovicu.com/posts/how-to-use-linux-vsock-for-fast-vm-communication/,2025-11-28 12:56:36,hacker_news
Beads – A memory upgrade for your coding agent,58,30,https://github.com/steveyegge/beads,2025-11-28 12:56:36,hacker_news
Open (Apache 2.0) TTS model for streaming conversational audio in realtime,12,2,https://github.com/nari-labs/dia2,2025-11-28 12:56:36,hacker_news
A Remarkable Assertion from A16Z,5,0,https://nealstephenson.substack.com/p/a-remarkable-assertion-from-a16z,2025-11-28 12:56:36,hacker_news
Tech Titans Amass Multimillion-Dollar War Chests to Fight AI Regulation,42,39,https://www.wsj.com/tech/ai/tech-titans-amass-multimillion-dollar-war-chests-to-fight-ai-regulation-88c600e1,2025-11-28 12:56:36,hacker_news
Shor's algorithm: the one quantum algo that ends RSA/ECC tomorrow,28,15,https://blog.ellipticc.com/posts/what-is-shors-algorithm-and-why-its-the-single-biggest-threat-to-classical-cryptography/,2025-11-28 12:56:37,hacker_news
Africa's forests have switched from absorbing to emitting carbon,20,5,https://phys.org/news/2025-11-africa-forests-absorbing-emitting-carbon.html,2025-11-28 12:56:37,hacker_news
28M Hacker News comments as vector embedding search dataset,35,6,https://clickhouse.com/docs/getting-started/example-datasets/hackernews-vector-search-dataset,2025-11-28 18:37:51,hacker_news
"Imgur Geo-Blocked the UK, So I Geo-Unblocked My Network",24,3,https://blog.tymscar.com/posts/imgurukproxy/,2025-11-28 18:37:51,hacker_news
So you wanna build a local RAG?,51,8,https://blog.yakkomajuri.com/blog/local-rag,2025-11-28 18:37:51,hacker_news
C++ Web Server on my custom hobby OS,30,3,https://oshub.org/projects/retros-32/posts/getting-a-webserver-running,2025-11-28 18:37:51,hacker_news
Bringing Sexy Back. Internet surveillance has killed eroticism,106,41,https://lux-magazine.com/article/privacy-eroticism/,2025-11-28 18:37:51,hacker_news
"Don't tug on that, you never know what it might be attached to (2016)",59,14,https://blog.plover.com/2016/07/01/#tmpdir,2025-11-28 18:37:52,hacker_news
Can Dutch universities do without Microsoft?,136,111,https://dub.uu.nl/en/news/can-dutch-universities-do-without-microsoft,2025-11-28 18:37:52,hacker_news
"JSON Schema Demystified: Dialects, Vocabularies and Metaschemas",17,1,https://www.iankduncan.com/engineering/2025-11-24-json-schema-demystified/,2025-11-28 18:37:52,hacker_news
True P2P Email on Top of Yggdrasil Network,47,8,https://github.com/JB-SelfCompany/Tyr,2025-11-28 18:37:52,hacker_news
Meta hiding $27B in debt using advanced geometry,191,89,https://stohl.substack.com/p/exclusive-credit-report-shows-meta,2025-11-28 18:37:52,hacker_news
Atuin’s New Runbook Execution Engine,70,8,https://blog.atuin.sh/introducing-the-new-runbook-execution-engine/,2025-11-28 18:37:52,hacker_news
Show HN: An LLM-Powered Tool to Catch PCB Schematic Mistakes,13,7,https://netlist.io/,2025-11-28 18:37:52,hacker_news
Lobsters Interview,9,1,https://susam.net/my-lobsters-interview.html,2025-11-28 18:37:52,hacker_news
AI Adoption Rates Starting to Flatten Out,97,45,https://www.apolloacademy.com/ai-adoption-rates-starting-to-flatten-out/,2025-11-28 18:37:53,hacker_news
Analog Hoverboard Controller,6,0,https://github.com/skrubis/analog-hoverboard,2025-11-28 18:37:53,hacker_news
Petition to formally recognize open source work as civic service in Germany,373,96,https://www.openpetition.de/petition/online/anerkennung-von-open-source-arbeit-als-ehrenamt-in-deutschland#petition-main,2025-11-28 18:37:53,hacker_news
Anti-patterns while working with LLMs,7,0,https://instavm.io/blog/llm-anti-patterns,2025-11-28 18:37:53,hacker_news
Stellantis Is Spamming Owners' Screens with Pop-Up Ads for New Car Discounts,66,27,https://www.thedrive.com/news/stellantis-is-spamming-owners-screens-with-pop-up-ads-for-new-car-discounts,2025-11-28 18:37:53,hacker_news
Apple and Intel Rumored to Partner on Mac Chips,52,25,https://www.macrumors.com/2025/11/28/intel-rumored-to-supply-new-mac-chip/,2025-11-28 18:37:54,hacker_news
Rock Paper Scissors Solitaire,5,1,https://klezlab.it/rock-paper-scissors-solitaire.html,2025-11-28 18:37:54,hacker_news
Airloom – 3D Flight Tracker,14,1,https://objectiveunclear.com/airloom.html,2025-11-28 18:37:54,hacker_news
Generating 3D Meshes from Text,14,1,https://cprimozic.net/notes/posts/generating-3d-meshes-from-text/,2025-11-28 18:37:54,hacker_news
Poll HN: What operating system do you primarily develop on?,50,68,https://news.ycombinator.com/item?id=46081063,2025-11-28 18:37:54,hacker_news
Swedish publishers file police report against Meta's Zuckerberg for fraud,82,25,https://www.sverigesradio.se/artikel/swedish-publishers-file-police-report-against-metas-zuckerberg-for-fraud,2025-11-28 18:37:54,hacker_news
A triangle whose interior angles sum to zero,28,9,https://www.johndcook.com/blog/2025/11/28/tricusp-triangle/,2025-11-29 02:03:56,hacker_news
Airbus A320 – intense solar radiation may corrupt data critical for flight,81,5,https://www.airbus.com/en/newsroom/press-releases/2025-11-airbus-update-on-a320-family-precautionary-fleet-action,2025-11-29 02:03:56,hacker_news
"Imgur geo-blocked the UK, so I geo-unblocked my network",272,98,https://blog.tymscar.com/posts/imgurukproxy/,2025-11-29 02:03:56,hacker_news
Molly: An Improved Signal App,230,120,https://molly.im/,2025-11-29 02:03:56,hacker_news
Confessions of a Software Developer: No More Self-Censorship,93,98,https://kerrick.blog/articles/2025/confessions-of-a-software-developer-no-more-self-censorship/,2025-11-29 02:03:56,hacker_news
How good engineers write bad code at big companies,233,144,https://www.seangoedecke.com/bad-code-at-big-companies/,2025-11-29 02:03:56,hacker_news
"The original ABC language, Python's predecessor (1991)",74,13,https://github.com/gvanrossum/abc-unix,2025-11-29 02:03:57,hacker_news
A first look at Django's new background tasks,60,10,https://roam.be/notes/2025/a-first-look-at-djangos-new-background-tasks/,2025-11-29 02:03:57,hacker_news
Flight disruption warning as Airbus requests modifications to 6k planes,155,61,https://www.bbc.com/news/live/cvg4y6g74ert,2025-11-29 02:03:57,hacker_news
I mathematically proved the best Guess Who? strategy [video],35,7,https://www.youtube.com/watch?v=_3RNB8eOSx0,2025-11-29 02:03:57,hacker_news
Effective harnesses for long-running agents,71,19,https://www.anthropic.com/engineering/effective-harnesses-for-long-running-agents,2025-11-29 02:03:57,hacker_news
Fabric Project,23,1,https://github.com/Fabric-Project/Fabric,2025-11-29 02:03:57,hacker_news
How to Short the Bubbliest Firms,25,30,https://www.economist.com/finance-and-economics/2025/11/26/how-to-short-the-bubbliest-firms,2025-11-29 02:03:58,hacker_news
AltSendme: Another Alternative to MAgic Wormhole?,9,3,https://github.com/tonyantony300/alt-sendme,2025-11-29 02:03:58,hacker_news
Show HN: Pulse 2.0 – Live co-listening rooms where anyone can be a DJ,57,21,https://473999.net/pulse,2025-11-29 02:03:58,hacker_news
Credit report shows Meta keeping $27B off its books through advanced geometry,352,184,https://stohl.substack.com/p/exclusive-credit-report-shows-meta,2025-11-29 02:03:59,hacker_news
Electron vs. Tauri,21,8,https://www.dolthub.com/blog/2025-11-13-electron-vs-tauri/,2025-11-29 02:03:59,hacker_news
System 7 natively boots on the Mac mini G4,103,16,https://macos9lives.com/smforum/index.php?topic=7711.0,2025-11-29 06:38:44,hacker_news
WinApps: Run Windows apps as if they were a part of the native Linux OS,39,5,https://github.com/winapps-org/winapps,2025-11-29 06:38:44,hacker_news
Every mathematician has only a few tricks (2020),50,11,https://mathoverflow.net/questions/363119/every-mathematician-has-only-a-few-tricks,2025-11-29 06:38:44,hacker_news
Show HN: Mu – The Micro Network,16,4,https://github.com/asim/mu,2025-11-29 06:38:45,hacker_news
Neato vacuum robots to stop working,17,7,https://support.neatorobotics.com/support/solutions/articles/204000073686-announcement-6th-oct-2025,2025-11-29 06:38:45,hacker_news
Language is primarily a tool for communication rather than thought (2024) [pdf],28,7,https://gwern.net/doc/psychology/linguistics/2024-fedorenko.pdf,2025-11-29 06:38:45,hacker_news
Show HN: Choose your own adventure style Presentation,17,4,https://github.com/Skarlso/adventure-voter,2025-11-29 06:38:45,hacker_news
The 'S&P 493' reveals a different U.S. economy,16,1,https://www.msn.com/en-us/money/markets/the-s-p-493-reveals-a-very-different-us-economy/ar-AA1R1VUJ,2025-11-29 06:38:45,hacker_news
The weirdest tool I own is also one of the most useful,5,0,https://www.zdnet.com/article/the-weirdest-tool-i-own-is-also-one-of-the-most-useful-and-its-14-on-amazon/,2025-11-29 06:38:46,hacker_news
How to get Pandoc to respect custom table styles in Word templates,9,1,https://johnathandos.com/posts/2025-11-24-custom-tables-with-pandoc/,2025-11-29 06:38:46,hacker_news
"High Air Pollution Could Diminish Exercise Benefits by 50%, Study Finds",52,6,https://scienceclock.com/exercise-may-protect-less-when-air-pollution-is-high-study-finds/,2025-11-29 12:53:02,hacker_news
DMT-induced shifts in criticality correlate with self-dissolution,6,0,https://www.jneurosci.org/content/early/2025/10/24/JNEUROSCI.0344-25.2025,2025-11-29 12:53:02,hacker_news
Leak confirms OpenAI is preparing ads on ChatGPT for public roll out,47,18,https://www.bleepingcomputer.com/news/artificial-intelligence/leak-confirms-openai-is-preparing-ads-on-chatgpt-for-public-roll-out/,2025-11-29 12:53:02,hacker_news
Garfield's Proof of the Pythagorean Theorem,57,26,https://en.wikipedia.org/wiki/Garfield%27s_proof_of_the_Pythagorean_theorem,2025-11-29 12:53:02,hacker_news
Show HN: Explore what the browser exposes about you,84,31,https://neberej.github.io/exposedbydefault/,2025-11-29 12:53:02,hacker_news
Belgian Police exposed using botnets to manipulate EU data law impact assessment,87,13,https://old.reddit.com/r/europe/comments/1p9kxhm/belgian_federal_police_forgot_to_turn_their_vpn/,2025-11-29 12:53:03,hacker_news
WebR – R in the Browser,8,0,https://webr.sh/,2025-11-29 12:53:03,hacker_news
How stealth addresses work in Monero,27,10,https://www.johndcook.com/blog/2025/11/24/monero-stealth-addresses/,2025-11-29 12:53:03,hacker_news
I Know We're in an AI Bubble Because Nobody Wants Me,49,33,https://petewarden.com/2025/11/29/i-know-were-in-an-ai-bubble-because-nobody-wants-me-%f0%9f%98%ad/,2025-11-29 12:53:03,hacker_news
Show HN: Anthony Bourdain's Lost Li.st's,57,18,https://bourdain.greg.technology/,2025-11-29 12:53:03,hacker_news
The risk of round numbers and sharp thresholds in clinical practice,39,12,https://www.nature.com/articles/s41746-025-02079-y,2025-11-29 12:53:03,hacker_news
Iceland declares ocean-current instability a national security risk,185,79,https://www.dagens.com/news/iceland-declares-ocean-current-instability-a-national-security-risk,2025-11-29 18:36:57,hacker_news
"It's Always the Process, Stupid",191,68,https://its.promp.td/its-always-the-process-stupid/,2025-11-29 18:36:57,hacker_news
Hardening the C++ Standard Library at scale,29,2,https://queue.acm.org/detail.cfm?id=3773097,2025-11-29 18:36:57,hacker_news
An Update on the Farphone's Battery,6,3,https://far.computer/battery-update/,2025-11-29 18:36:57,hacker_news
Testing Shows Automotive Glassbreakers Can't Break Modern Automotive Glass,53,29,https://www.core77.com/posts/138925/Testing-Shows-Automotive-Glassbreakers-Cant-Break-Modern-Automotive-Glass,2025-11-29 18:36:57,hacker_news
DNS LOC Record (2014),92,26,https://blog.cloudflare.com/the-weird-and-wonderful-world-of-dns-loc-records/,2025-11-29 18:36:57,hacker_news
Hachi: An Image Search Engine,75,11,https://eagledot.xyz/hachi.md.html,2025-11-29 18:36:57,hacker_news
"Bronze Age mega-settlement in Kazakhstan has advanced urban planning, metallurgy",65,9,https://archaeologymag.com/2025/11/bronze-age-mega-settlement-in-kazakhstan/,2025-11-29 18:36:57,hacker_news
AccessOwl (YC S22) Is Hiring a Technical Account Manager (IAM),1,0,https://www.ycombinator.com/companies/accessowl/jobs/dGC3pcO-technical-account-manager-identity-access-management,2025-11-29 18:36:57,hacker_news
Zero Knowlege Proof of Compositeness,7,0,https://www.johndcook.com/blog/2025/11/29/zkp-composite/,2025-11-29 18:36:57,hacker_news
Show HN: Network Monitor – a GUI to spot anomalous connections on your Linux,6,0,https://news.ycombinator.com/item?id=46032074,2025-11-29 18:36:57,hacker_news
We're learning more about what Vitamin D does to our bodies,52,15,https://www.technologyreview.com/2025/11/21/1128206/vitamin-d-bodies-bone-health-immune/,2025-11-29 18:36:57,hacker_news
The CRDT Dictionary: A Field Guide to Conflict-Free Replicated Data Types,64,3,https://www.iankduncan.com/engineering/2025-11-27-crdt-dictionary/,2025-11-29 18:36:57,hacker_news
Building road signs at home using a Cricut Machine,19,6,https://annanay.dev/build-a-signboard/,2025-11-29 18:36:58,hacker_news
Major AI conference flooded with peer reviews written by AI,108,63,https://www.nature.com/articles/d41586-025-03506-6,2025-11-29 18:36:58,hacker_news
Running a Business Means Contact with Reality,63,34,https://fredkozlowski.com/2025/11/02/running-a-business-means-contact-with-reality/,2025-11-29 18:36:58,hacker_news
Anthony Bourdain's Lost Li.st's,137,36,https://bourdain.greg.technology/,2025-11-29 18:36:58,hacker_news
Build Your Own Router with URLPattern(),46,23,https://jschof.dev/posts/2025/11/build-your-own-router/,2025-11-29 18:36:58,hacker_news
Show HN: I built Magiclip – an all-in-one AI studio,34,7,https://magiclip.io/,2025-11-29 18:36:58,hacker_news
Chainalysis Successful Deanonymization Attack on Monero,40,19,https://darkwebinformer.com/chainalysis-successful-deanonymization-attack-on-monero-2/,2025-11-29 18:36:58,hacker_news
Bazzite: The next generation of Linux gaming,179,89,https://bazzite.gg/,2025-11-30 02:24:37,hacker_news
Landlock-Ing Linux,120,36,https://blog.prizrak.me/post/landlock/,2025-11-30 02:24:37,hacker_news
All it takes is for one to work out,320,169,https://alearningaday.blog/2025/11/28/all-it-takes-is-for-one-to-work-out-2/,2025-11-30 02:24:37,hacker_news
Be Like Clippy,220,142,https://be-clippy.com/,2025-11-30 02:24:37,hacker_news
The HTTP Query Method,24,3,https://www.ietf.org/archive/id/draft-ietf-httpbis-safe-method-w-body-14.html,2025-11-30 02:24:37,hacker_news
Learning Feynman's Trick for Integrals,114,17,https://zackyzz.github.io/feynman.html,2025-11-30 02:24:38,hacker_news
Scala,22,3,https://www.huygens-fokker.org/scala/,2025-11-30 02:24:38,hacker_news
Show HN: Nano PDF – A CLI Tool to Edit PDFs with Gemini's Nano Banana,91,19,https://github.com/gavrielc/Nano-PDF,2025-11-30 02:24:38,hacker_news
Meshtastic,9,1,https://meshtastic.org/,2025-11-30 02:24:38,hacker_news
Blender facial animation tool. What else should it do?,32,11,https://github.com/shun126/livelinkface_arkit_receiver/wiki,2025-11-30 02:24:38,hacker_news
Let go of StackOverflow; communities must take ownership,41,40,https://ahelwer.ca/post/2025-11-25-stackoverflow/,2025-11-30 02:24:38,hacker_news
The Origins of Scala (2009),53,29,https://www.artima.com/articles/the-origins-of-scala,2025-11-30 02:24:38,hacker_news
Stopping bad guys from using my open source project (feedback wanted),9,12,https://evanhahn.com/stopping-bad-guys-from-using-my-open-source-project/,2025-11-30 02:24:38,hacker_news
An update on the Farphone's battery,57,44,https://far.computer/battery-update/,2025-11-30 02:24:38,hacker_news
Testing shows automotive glassbreakers can't break modern automotive glass,84,80,https://www.core77.com/posts/138925/Testing-Shows-Automotive-Glassbreakers-Cant-Break-Modern-Automotive-Glass,2025-11-30 02:24:39,hacker_news
Datacenters in space aren't going to work,131,116,https://taranis.ie/datacenters-in-space-are-a-terrible-horrible-no-good-idea/,2025-11-30 02:24:39,hacker_news
Rare X-ray images of a 4.5-ton satellite that returned intact from space,55,8,https://www.empa.ch/web/s604/eureca-satellit-mit-roentgenmethoden-untersucht,2025-11-30 02:24:39,hacker_news
Zero knowlege proof of compositeness,87,27,https://www.johndcook.com/blog/2025/11/29/zkp-composite/,2025-11-30 02:24:39,hacker_news
A new Little Prince museum has opened its doors in Switzerland,4,0,https://www.lepetitprince.com/en/events-around-the-world/a-new-little-prince-museum-has-opened-its-doors-in-switzerland/,2025-11-30 02:24:39,hacker_news
1964 Recompiling Engine Documentation (2001) [pdf],5,0,https://emudev.org/docs/1964-recompiling-engine-documentation.pdf,2025-11-30 02:24:40,hacker_news
Student perceptions of AI coding assistants in learning,58,79,https://arxiv.org/abs/2507.22900,2025-11-30 02:24:40,hacker_news
"Post-mortem of Shai-Hulud attack on November 24th, 2025",75,60,https://posthog.com/blog/nov-24-shai-hulud-attack-post-mortem,2025-11-30 02:24:40,hacker_news
We're learning more about what Vitamin D does,129,117,https://www.technologyreview.com/2025/11/21/1128206/vitamin-d-bodies-bone-health-immune/,2025-11-30 02:24:40,hacker_news
Show HN: Boing,135,25,https://boing.greg.technology/,2025-11-30 06:40:12,hacker_news
Zigbook Is Plagiarizing the Zigtools Playground,77,10,https://zigtools.org/blog/zigbook-plagiarizing-playground/,2025-11-30 06:40:12,hacker_news
Americans no longer see four-year college degrees as worth the cost,182,255,https://www.nbcnews.com/politics/politics-news/poll-dramatic-shift-americans-no-longer-see-four-year-college-degrees-rcna243672,2025-11-30 06:40:13,hacker_news
Matrix Core Programming on AMD CDNA Architecture,15,2,https://rocm.blogs.amd.com/software-tools-optimization/matrix-cores-cdna/README.html,2025-11-30 06:40:13,hacker_news
A new myth appeared during the presidential campaign of Andrew Jackson,30,62,https://www.historynewsnetwork.org/article/self-made,2025-11-30 06:40:14,hacker_news
CachyOS: Fast and Customizable Linux Distribution,66,70,https://cachyos.org/,2025-11-30 12:52:47,hacker_news
Show HN: Real-time system that tracks how news spreads across 200k websites,42,9,https://yandori.io/news-flow/,2025-11-30 12:52:48,hacker_news
RL is more information inefficient than you thought,22,3,https://www.dwarkesh.com/p/bits-per-sample,2025-11-30 12:52:48,hacker_news
Silicon Valley's man in the White House is benefiting himself and his friends,51,26,https://www.nytimes.com/2025/11/30/technology/david-sacks-white-house-profits.html,2025-11-30 12:52:48,hacker_news
The space of minds,10,2,https://karpathy.bearblog.dev/the-space-of-minds/,2025-11-30 12:52:49,hacker_news
What's Hiding Inside Haribo's Power Bank and Headphones?,50,16,https://www.lumafield.com/first-article/posts/whats-hiding-inside-haribos-power-bank-and-headphones,2025-11-30 12:52:49,hacker_news
Jiga (YC W21) Is Hiring Product Designer,1,0,https://www.ycombinator.com/companies/jiga/jobs/Cco7vyK-product-designer-remote-europe,2025-11-30 12:52:49,hacker_news
Advice for crime analyst to break into data science,8,0,https://andrewpwheeler.com/2025/11/21/advice-for-crime-analyst-to-break-into-data-science/,2025-11-30 12:52:49,hacker_news
Our Phosphorescent World,28,1,https://aeon.co/essays/the-cycling-of-phosphorus-is-the-basis-for-all-life-on-earth,2025-11-30 12:52:50,hacker_news
Dynamic Skillset Reference Architecture,12,3,https://chatbotkit.com/examples/dynamic-skillset-reference-architecture,2025-11-30 12:52:50,hacker_news
