title,upvotes,comments,link,author,post_time,scraped_at,subreddit,platform
"Will there be an AI apocalypse? I’m Eric Levitz, a senior correspondent at Vox, covering a wide range of political and policy issues. AMA on Friday, November 7, at 12 pm EST.",28,66,https://www.reddit.com/r/technology/comments/1opghaq/will_there_be_an_ai_apocalypse_im_eric_levitz_a/,vox,2025-11-05 21:53:07,2025-11-21 12:49:14.458778,technology,reddit
Microsoft AI CEO puzzled that people are unimpressed by AI,19175,2093,https://www.reddit.com/r/technology/comments/1p2osv5/microsoft_ai_ceo_puzzled_that_people_are/,Moth_LovesLamp,2025-11-21 04:03:30,2025-11-21 12:49:14.458784,technology,reddit
"Gmail can read your emails and attachments to train its AI, unless you opt out",1651,99,https://www.reddit.com/r/technology/comments/1p2vfdh/gmail_can_read_your_emails_and_attachments_to/,thatirishguyyyyy,2025-11-21 10:42:39,2025-11-21 12:49:14.458787,technology,reddit
The crypto market has seen $1 trillion in value erased in this month's plunge into bear territory,4479,341,https://www.reddit.com/r/technology/comments/1p2nbgq/the_crypto_market_has_seen_1_trillion_in_value/,Logical_Welder3467,2025-11-21 02:55:46,2025-11-21 12:49:14.458789,technology,reddit
OnlyFans Will Start Checking Criminal Records. Creators Say That's a Terrible Idea,1510,186,https://www.reddit.com/r/technology/comments/1p2pghx/onlyfans_will_start_checking_criminal_records/,FervidBug42,2025-11-21 04:37:55,2025-11-21 12:49:14.458792,technology,reddit
ICE Says Critical Evidence In Abuse Case Was Lost In 'System Crash' a Day After It Was Sued,436,35,https://www.reddit.com/r/technology/comments/1p2uqv4/ice_says_critical_evidence_in_abuse_case_was_lost/,rezwenn,2025-11-21 10:00:58,2025-11-21 12:49:14.458795,technology,reddit
"Verizon is laying off over 13,000 workers",4038,305,https://www.reddit.com/r/technology/comments/1p2fzoq/verizon_is_laying_off_over_13000_workers/,intelw1zard,2025-11-20 21:39:47,2025-11-21 12:49:14.458797,technology,reddit
SoftBank plunges over 10% as Asia markets track Wall Street’s stunning reversal in AI stocks,914,92,https://www.reddit.com/r/technology/comments/1p2mrz6/softbank_plunges_over_10_as_asia_markets_track/,Logical_Welder3467,2025-11-21 02:30:26,2025-11-21 12:49:14.458799,technology,reddit
Ukraine Is Jamming Russia’s ‘Superweapon’ With a Song,5196,197,https://www.reddit.com/r/technology/comments/1p27m77/ukraine_is_jamming_russias_superweapon_with_a_song/,CackleRooster,2025-11-20 16:27:42,2025-11-21 12:49:14.458802,technology,reddit
CDC website changed to include false claims that link autism and vaccines,3454,134,https://www.reddit.com/r/technology/comments/1p28kxb/cdc_website_changed_to_include_false_claims_that/,esporx,2025-11-20 17:03:48,2025-11-21 12:49:14.458804,technology,reddit
"Legendary game designer, programmer, Space Invaders champion, and LGBTQ trailblazer Rebecca Heineman has died | Heineman's cancer fundraiser is now collecting for her funeral.",3031,79,https://www.reddit.com/r/technology/comments/1p29lnt/legendary_game_designer_programmer_space_invaders/,ControlCAD,2025-11-20 17:42:09,2025-11-21 12:49:14.458807,technology,reddit
"First it was GPUs and electricity, now AI is eating up the memory industry",9195,519,https://www.reddit.com/r/technology/comments/1p1zubz/first_it_was_gpus_and_electricity_now_ai_is/,HellYeahDamnWrite,2025-11-20 10:32:38,2025-11-21 12:49:14.458809,technology,reddit
"DoorDash says personal information of customers, dashers stolen in data breach",1740,117,https://www.reddit.com/r/technology/comments/1p2a0mb/doordash_says_personal_information_of_customers/,lurker_bee,2025-11-20 17:57:45,2025-11-21 12:49:14.458813,technology,reddit
HP and Dell disable HEVC support built into their laptops’ CPUs | HEVC licensing gets more expensive in January 2026.,426,91,https://www.reddit.com/r/technology/comments/1p2l4nr/hp_and_dell_disable_hevc_support_built_into_their/,ControlCAD,2025-11-21 01:13:48,2025-11-21 12:49:14.458815,technology,reddit
Border Patrol is monitoring US drivers and detaining those with ‘suspicious’ travel patterns,2626,230,https://www.reddit.com/r/technology/comments/1p259vg/border_patrol_is_monitoring_us_drivers_and/,binding_swamp,2025-11-20 14:57:45,2025-11-21 12:49:14.458818,technology,reddit
Solving Fizz Buzz with Cosines,50,7,https://www.reddit.com/r/programming/comments/1p2su50/solving_fizz_buzz_with_cosines/,p-orbitals,2025-11-21 07:57:58,2025-11-21 12:49:20.161891,programming,reddit
A Technical Insight About Modern Compilation,4,0,https://www.reddit.com/r/programming/comments/1p2x8ex/a_technical_insight_about_modern_compilation/,Prize-Tomorrow-5249,2025-11-21 12:23:36,2025-11-21 12:49:20.161894,programming,reddit
The EU wants to kill cookiebanners by moving consent to your browser,783,172,https://www.reddit.com/r/programming/comments/1p1vtsz/the_eu_wants_to_kill_cookiebanners_by_moving/,DonutAccomplished422,2025-11-20 06:14:07,2025-11-21 12:49:20.161897,programming,reddit
How A Missing Last Name Check Left Millions of Airline Customers' Data Exposed,88,6,https://www.reddit.com/r/programming/comments/1p27hck/how_a_missing_last_name_check_left_millions_of/,bearsyankees,2025-11-20 16:22:46,2025-11-21 12:49:20.161899,programming,reddit
Arconia for Spring Boot Dev Services and Observability - Piotr's TechBlog,3,0,https://www.reddit.com/r/programming/comments/1p2um3t/arconia_for_spring_boot_dev_services_and/,piotr_minkowski,2025-11-21 09:52:55,2025-11-21 12:49:20.161902,programming,reddit
Pareto principle: 20% of your code causes 80% of your bugs (Microsoft found 1% caused 99% of crashes),140,22,https://www.reddit.com/r/programming/comments/1p21ty7/pareto_principle_20_of_your_code_causes_80_of/,dmp0x7c5,2025-11-20 12:25:41,2025-11-21 12:49:20.161904,programming,reddit
"Preserving code that shaped generations: Zork I, II, and III go Open Source",43,11,https://www.reddit.com/r/programming/comments/1p2b8pe/preserving_code_that_shaped_generations_zork_i_ii/,jfedor,2025-11-20 18:41:20,2025-11-21 12:49:20.161906,programming,reddit
"Linus Torvalds: Vibe coding is fine, but not for production",2425,347,https://www.reddit.com/r/programming/comments/1p1g9ni/linus_torvalds_vibe_coding_is_fine_but_not_for/,fungussa,2025-11-19 18:52:41,2025-11-21 12:49:20.161909,programming,reddit
Abuse of the nullish coalescing operator in JS/TS,1,0,https://www.reddit.com/r/programming/comments/1p2xcof/abuse_of_the_nullish_coalescing_operator_in_jsts/,fredrikaugust,2025-11-21 12:29:45,2025-11-21 12:49:20.161911,programming,reddit
Zyn 0.2.0 – An extensible pub/sub messaging protocol for real-time apps,0,1,https://www.reddit.com/r/programming/comments/1p2v19k/zyn_020_an_extensible_pubsub_messaging_protocol/,ortuman84,2025-11-21 10:18:13,2025-11-21 12:49:20.161914,programming,reddit
"Cursor's President is loving this University of Chicago study, but does merge rate really = productivity?",26,21,https://www.reddit.com/r/programming/comments/1p26wku/cursors_president_is_loving_this_university_of/,scarey102,2025-11-20 16:01:25,2025-11-21 12:49:20.161916,programming,reddit
Extension for LeetCode,0,0,https://www.reddit.com/r/programming/comments/1p2uv8f/extension_for_leetcode/,RK9_2006,2025-11-21 10:08:07,2025-11-21 12:49:20.161919,programming,reddit
What Killed Perl?,90,155,https://www.reddit.com/r/programming/comments/1p1yjb4/what_killed_perl/,Xaneris47,2025-11-20 09:08:40,2025-11-21 12:49:20.161921,programming,reddit
gis and sam 2,1,0,https://www.reddit.com/r/programming/comments/1p2twwk/gis_and_sam_2/,panspective,2025-11-21 09:07:20,2025-11-21 12:49:20.161923,programming,reddit
Providing an easy off-ramp to a vulnerable npm package (elliptic),7,1,https://www.reddit.com/r/programming/comments/1p2fo63/providing_an_easy_offramp_to_a_vulnerable_npm/,Soatok,2025-11-20 21:27:43,2025-11-21 12:49:20.161926,programming,reddit
Oops. Cryptographers cancel election results after losing decryption key.,202,52,https://www.reddit.com/r/programming/comments/1p5dcjj/oops_cryptographers_cancel_election_results_after/,ScottContini,2025-11-24 10:12:47,2025-11-24 15:31:10.507657,programming,reddit
"Sha1-Hulud The Second Comming - Postman, Zapier, PostHog all compromised via NPM",37,5,https://www.reddit.com/r/programming/comments/1p5i31d/sha1hulud_the_second_comming_postman_zapier/,Advocatemack,2025-11-24 14:12:44,2025-11-24 15:31:10.507666,programming,reddit
[xPost from HN] We stopped roadmap work for a week and fixed 189 bugs,33,6,https://www.reddit.com/r/programming/comments/1p56fl3/xpost_from_hn_we_stopped_roadmap_work_for_a_week/,brokePlusPlusCoder,2025-11-24 03:25:43,2025-11-24 15:31:10.507669,programming,reddit
How many HTTP requests/second can a Single Machine handle?,6,1,https://www.reddit.com/r/programming/comments/1p5gins/how_many_http_requestssecond_can_a_single_machine/,BinaryIgor,2025-11-24 13:04:18,2025-11-24 15:31:10.507671,programming,reddit
A bug caused by a door in a game you may have heard of called Half Life 2 (spoiler: fp precision),562,46,https://www.reddit.com/r/programming/comments/1p4kf9a/a_bug_caused_by_a_door_in_a_game_you_may_have/,self,2025-11-23 11:25:08,2025-11-24 15:31:10.507673,programming,reddit
Assert in production,2,0,https://www.reddit.com/r/programming/comments/1p5jdqe/assert_in_production/,dtornow,2025-11-24 15:05:13,2025-11-24 15:31:10.507675,programming,reddit
Read-Through vs Write-Through Cache,3,1,https://www.reddit.com/r/programming/comments/1p5fh9z/readthrough_vs_writethrough_cache/,stmoreau,2025-11-24 12:14:13,2025-11-24 15:31:10.507677,programming,reddit
TLS Handshake Latency: When Your Load Balancer Becomes a Bottleneck,3,0,https://www.reddit.com/r/programming/comments/1p5f7rq/tls_handshake_latency_when_your_load_balancer/,Extra_Ear_10,2025-11-24 12:00:35,2025-11-24 15:31:10.507679,programming,reddit
Shaders,2,1,https://www.reddit.com/r/programming/comments/1p5i0o4/shaders/,DifficultSecretary22,2025-11-24 14:09:59,2025-11-24 15:31:10.507681,programming,reddit
A bug fixing journey when writing a C++ Code Search Engine: std::string is not that simple,2,3,https://www.reddit.com/r/programming/comments/1p5h0c4/a_bug_fixing_journey_when_writing_a_c_code_search/,ypaskell,2025-11-24 13:26:14,2025-11-24 15:31:10.507683,programming,reddit
Shai-Hulud Second Coming: Software Supply Chain Attack Exposing Code and Harvesting Credentials,2,0,https://www.reddit.com/r/programming/comments/1p5g2ac/shaihulud_second_coming_software_supply_chain/,N1ghtCod3r,2025-11-24 12:43:09,2025-11-24 15:31:10.507685,programming,reddit
Finly - Closing the Gap Between Schema-First and Code-First,3,0,https://www.reddit.com/r/programming/comments/1p5dh2b/finly_closing_the_gap_between_schemafirst_and/,Dan6erbond2,2025-11-24 10:20:39,2025-11-24 15:31:10.507687,programming,reddit
"Keynote: Giants, Standing on the Shoulders Of - Daniel Stenberg, Founder of the Curl Project",11,0,https://www.reddit.com/r/programming/comments/1p54220/keynote_giants_standing_on_the_shoulders_of/,BlueGoliath,2025-11-24 01:31:43,2025-11-24 15:31:10.507688,programming,reddit
"Celebrate fire preventers, not just firefighters. The stories you praise shape your culture. Choose heroes who build systems, not chaos.",2,2,https://www.reddit.com/r/programming/comments/1p5cqmt/celebrate_fire_preventers_not_just_firefighters/,goto-con,2025-11-24 09:33:58,2025-11-24 15:31:10.507690,programming,reddit
Towards Better Word,1,1,https://www.reddit.com/r/programming/comments/1p5gosd/towards_better_word/,aartaka,2025-11-24 13:12:03,2025-11-24 15:31:10.507694,programming,reddit
"Booking.com cancelled woman's $4K hotel reservation, then offered her same rooms for $17K",10477,480,https://www.reddit.com/r/technology/comments/1p5g3ld/bookingcom_cancelled_womans_4k_hotel_reservation/,rezwenn,2025-11-24 12:44:53,2025-11-24 15:23:17.397016,technology,reddit
"Many prominent Maga personalities on X are based outside US, new tool reveals",24640,538,https://www.reddit.com/r/technology/comments/1p544mf/many_prominent_maga_personalities_on_x_are_based/,HellYeahDamnWrite,2025-11-24 01:35:11,2025-11-24 15:23:17.397019,technology,reddit
Americans are holding onto devices longer than ever and it's costing the economy,1506,922,https://www.reddit.com/r/technology/comments/1p5d54g/americans_are_holding_onto_devices_longer_than/,ControlCAD,2025-11-24 09:59:56,2025-11-24 15:23:17.397022,technology,reddit
"Valve makes almost $50 million per employee, raking in more cash per person than Google, Amazon, or Microsoft — gaming giant's 350 employees on track to generate $17 billion this year",25773,1429,https://www.reddit.com/r/technology/comments/1p4v6dl/valve_makes_almost_50_million_per_employee_raking/,ourlifeintoronto,2025-11-23 19:13:18,2025-11-24 15:23:17.397024,technology,reddit
Poets are now cybersecurity threats: Researchers used 'adversarial poetry' to trick AI into ignoring its safety guard rails and it worked 62% of the time,403,44,https://www.reddit.com/r/technology/comments/1p5gn2a/poets_are_now_cybersecurity_threats_researchers/,MetaKnowing,2025-11-24 13:09:59,2025-11-24 15:23:17.397027,technology,reddit
"X's new location feature exposes apparent fraudster accounts posing as Americans, Gaza journalists",856,32,https://www.reddit.com/r/technology/comments/1p5c5ei/xs_new_location_feature_exposes_apparent/,No_Cheetah_8863,2025-11-24 08:55:41,2025-11-24 15:23:17.397031,technology,reddit
Microsoft is speeding up and decluttering File Explorer in Windows 11,333,143,https://www.reddit.com/r/technology/comments/1p5gygw/microsoft_is_speeding_up_and_decluttering_file/,Doug24,2025-11-24 13:23:58,2025-11-24 15:23:17.397034,technology,reddit
Top MAGA Influencers Accidentally Unmasked as Foreign Actors,68020,1820,https://www.reddit.com/r/technology/comments/1p4r3rm/top_maga_influencers_accidentally_unmasked_as/,marji80,2025-11-23 16:33:36,2025-11-24 15:23:17.397037,technology,reddit
Many Top MAGA Trolls Aren’t Even in the U.S. | New X feature has been very revealing,37584,1043,https://www.reddit.com/r/technology/comments/1p4qde5/many_top_maga_trolls_arent_even_in_the_us_new_x/,steffxoxoxoo,2025-11-23 16:04:27,2025-11-24 15:23:17.397039,technology,reddit
Google denies analyzing your emails for AI training - here's what happened,2054,75,https://www.reddit.com/r/technology/comments/1p53ywr/google_denies_analyzing_your_emails_for_ai/,HellYeahDamnWrite,2025-11-24 01:27:28,2025-11-24 15:23:17.397041,technology,reddit
Airlines Will Shut Down Program That Sold Your Flights Records to Government,148,7,https://www.reddit.com/r/technology/comments/1p5ia5q/airlines_will_shut_down_program_that_sold_your/,eddytony96,2025-11-24 14:20:56,2025-11-24 15:23:17.397044,technology,reddit
AI is accelerating a tech backlash in American classrooms,257,57,https://www.reddit.com/r/technology/comments/1p5dqe1/ai_is_accelerating_a_tech_backlash_in_american/,rezwenn,2025-11-24 10:36:55,2025-11-24 15:23:17.397046,technology,reddit
"Unemployment could hit 25% among recent grads and trigger 'unprecedented' social disruption thanks to AI, U.S. senator warns",9646,554,https://www.reddit.com/r/technology/comments/1p4nk7i/unemployment_could_hit_25_among_recent_grads_and/,MetaKnowing,2025-11-23 14:06:47,2025-11-24 15:23:17.397048,technology,reddit
"According to the brief, Meta was aware that millions of adult strangers were contacting minors on its sites; that its products exacerbated mental health issues in teens; and that content related to eating disorders, suicide, and child sexual abuse was frequently detected, yet rarely removed.",4925,128,https://www.reddit.com/r/technology/comments/1p4q8tl/according_to_the_brief_meta_was_aware_that/,bllshrfv,2025-11-23 15:59:47,2025-11-24 15:23:17.397050,technology,reddit
